song_dir,prediction,prediction_label,confidence,real_prob,fake_prob
/data/SONICS/ssep_EvalSet/-00LQHKG4kI,1,real,0.99664306640625,0.99664306640625,0.0033569515217095613
/data/SONICS/ssep_EvalSet/-0sQO3HwoRs,1,real,0.9912885427474976,0.9912885427474976,0.008711383678019047
/data/SONICS/ssep_EvalSet/-DdWTeiU6dw,1,real,0.9985619187355042,0.9985619187355042,0.001438135514035821
/data/SONICS/ssep_EvalSet/-N7QW-5snrM,1,real,0.9861246943473816,0.9861246943473816,0.013875309377908707
/data/SONICS/ssep_EvalSet/-NNXv_89OX0,1,real,0.9979292154312134,0.9979292154312134,0.002070826943963766
/data/SONICS/ssep_EvalSet/-NZtpapVHmA,1,real,0.9951325058937073,0.9951325058937073,0.004867417272180319
/data/SONICS/ssep_EvalSet/04WRI-0odjk,1,real,0.9968335032463074,0.9968335032463074,0.003166511654853821
/data/SONICS/ssep_EvalSet/0V8wRr6aIsU,1,real,0.988469660282135,0.988469660282135,0.011530389077961445
/data/SONICS/ssep_EvalSet/0mAKzXKRCL0,1,real,0.9924813508987427,0.9924813508987427,0.007518718484789133
/data/SONICS/ssep_EvalSet/11Nw_Es-erg,1,real,0.99826580286026,0.99826580286026,0.001734208082780242
/data/SONICS/ssep_EvalSet/1Ct6rWj4Sos,1,real,0.9948704242706299,0.9948704242706299,0.005129634402692318
/data/SONICS/ssep_EvalSet/1HujO3vWIMk,1,real,0.9950370192527771,0.9950370192527771,0.004962942097336054
/data/SONICS/ssep_EvalSet/1aQd99zfIRo,1,real,0.9883578419685364,0.9883578419685364,0.011642225086688995
/data/SONICS/ssep_EvalSet/1pljc8Pe63Y,1,real,0.9974241256713867,0.9974241256713867,0.002575881080701947
/data/SONICS/ssep_EvalSet/1rAgFjkvbOs,1,real,0.9551102519035339,0.9551102519035339,0.04488975182175636
/data/SONICS/ssep_EvalSet/1rhq4puGK6M,1,real,0.9956262111663818,0.9956262111663818,0.004373823292553425
/data/SONICS/ssep_EvalSet/1w4lX5lRUvY,1,real,0.9640516638755798,0.9640516638755798,0.03594832494854927
/data/SONICS/ssep_EvalSet/2EqhbumNkOE,1,real,0.997607946395874,0.997607946395874,0.0023920657113194466
/data/SONICS/ssep_EvalSet/2EyeYlPhzLc,1,real,0.9968519806861877,0.9968519806861877,0.0031480705365538597
/data/SONICS/ssep_EvalSet/2MMfquRR4GI,1,real,0.9895715713500977,0.9895715713500977,0.01042845007032156
/data/SONICS/ssep_EvalSet/2W059J3YJZc,1,real,0.995643138885498,0.995643138885498,0.004356845282018185
/data/SONICS/ssep_EvalSet/2ZzUpDlQVzU,1,real,0.9993625283241272,0.9993625283241272,0.0006374341319315135
/data/SONICS/ssep_EvalSet/2akRoGO8PaQ,1,real,0.9907320141792297,0.9907320141792297,0.009268012829124928
/data/SONICS/ssep_EvalSet/2hDRxBpyHbc,1,real,0.996870219707489,0.996870219707489,0.0031297362875193357
/data/SONICS/ssep_EvalSet/2rLwjYdwL68,1,real,0.9933717250823975,0.9933717250823975,0.006628239527344704
/data/SONICS/ssep_EvalSet/2sE1_hQvFQw,1,real,0.9978510141372681,0.9978510141372681,0.00214894930832088
/data/SONICS/ssep_EvalSet/3-OTPB2Vz70,1,real,0.9964756369590759,0.9964756369590759,0.003524340922012925
/data/SONICS/ssep_EvalSet/3AwJEQyqRnM,1,real,0.99703049659729,0.99703049659729,0.0029694451950490475
/data/SONICS/ssep_EvalSet/3CUr0bnDCfM,1,real,0.9973529577255249,0.9973529577255249,0.0026470983866602182
/data/SONICS/ssep_EvalSet/3D8NSSi9uhY,1,real,0.9949592351913452,0.9949592351913452,0.005040702875703573
/data/SONICS/ssep_EvalSet/3XPob6_frcc,1,real,0.9344549775123596,0.9344549775123596,0.06554500013589859
/data/SONICS/ssep_EvalSet/3YV8OLGrcfw,1,real,0.9938190579414368,0.9938190579414368,0.006180981174111366
/data/SONICS/ssep_EvalSet/3ZKyfu2bNfQ,1,real,0.9997040629386902,0.9997040629386902,0.0002959571429528296
/data/SONICS/ssep_EvalSet/3dMSPFKGmAo,1,real,0.9935494065284729,0.9935494065284729,0.006450607907027006
/data/SONICS/ssep_EvalSet/3yHDUM78VrQ,1,real,0.9961530566215515,0.9961530566215515,0.0038468718994408846
/data/SONICS/ssep_EvalSet/3ztNrQAp0Y4,1,real,0.9912039041519165,0.9912039041519165,0.00879612099379301
/data/SONICS/ssep_EvalSet/44D8yeuPJLE,1,real,0.9987257122993469,0.9987257122993469,0.0012743263505399227
/data/SONICS/ssep_EvalSet/44Dwz--ASGI,1,real,0.9868533611297607,0.9868533611297607,0.013146585784852505
/data/SONICS/ssep_EvalSet/4W5g2tU1urM,1,real,0.9977261424064636,0.9977261424064636,0.0022738955449312925
/data/SONICS/ssep_EvalSet/4wRnDa7GdzQ,1,real,0.988863468170166,0.988863468170166,0.011136502958834171
/data/SONICS/ssep_EvalSet/5Jbo_eZUoRM,1,real,0.9967206120491028,0.9967206120491028,0.0032794431317597628
/data/SONICS/ssep_EvalSet/5vwY9aYihEU,1,real,0.9975177049636841,0.9975177049636841,0.0024822766426950693
/data/SONICS/ssep_EvalSet/5wKcUJE4ztQ,1,real,0.9908744096755981,0.9908744096755981,0.00912563782185316
/data/SONICS/ssep_EvalSet/61NOzpbHLOE,1,real,0.9927109479904175,0.9927109479904175,0.0072890776209533215
/data/SONICS/ssep_EvalSet/6DLQwB-_RTU,1,real,0.9951040744781494,0.9951040744781494,0.004895880818367004
/data/SONICS/ssep_EvalSet/6Rb6-1bVA2U,1,real,0.998507559299469,0.998507559299469,0.001492425100877881
/data/SONICS/ssep_EvalSet/6_-G6YvOPpg,1,real,0.9953634738922119,0.9953634738922119,0.004636535421013832
/data/SONICS/ssep_EvalSet/71yNPezW7Ko,1,real,0.9915544390678406,0.9915544390678406,0.008445627987384796
/data/SONICS/ssep_EvalSet/74stsDcAXYI,1,real,0.9946980476379395,0.9946980476379395,0.005301894620060921
/data/SONICS/ssep_EvalSet/7DBB_j7fro8,1,real,0.9941913485527039,0.9941913485527039,0.005808669608086348
/data/SONICS/ssep_EvalSet/7FPlAKE5Jsk,1,real,0.9955920577049255,0.9955920577049255,0.004407976754009724
/data/SONICS/ssep_EvalSet/7I7X2c3zNX0,1,real,0.9936487078666687,0.9936487078666687,0.006351235322654247
/data/SONICS/ssep_EvalSet/7T6OUph9AcU,1,real,0.998504638671875,0.998504638671875,0.0014953383943066
/data/SONICS/ssep_EvalSet/7nseS15h0Y8,1,real,0.9935867786407471,0.9935867786407471,0.006413163151592016
/data/SONICS/ssep_EvalSet/7qvkRmtKx0c,1,real,0.9846641421318054,0.9846641421318054,0.015335820615291595
/data/SONICS/ssep_EvalSet/7tUzhodl_rw,1,real,0.9939613342285156,0.9939613342285156,0.0060386634431779385
/data/SONICS/ssep_EvalSet/80uO7DKu9ck,1,real,0.9964824914932251,0.9964824914932251,0.003517488483339548
/data/SONICS/ssep_EvalSet/87u5Sw553U4,1,real,0.996936559677124,0.996936559677124,0.0030634168069809675
/data/SONICS/ssep_EvalSet/8EeKwJjBavE,1,real,0.9857181310653687,0.9857181310653687,0.01428193412721157
/data/SONICS/ssep_EvalSet/8M8vOor4Z80,1,real,0.9966691136360168,0.9966691136360168,0.0033309145364910364
/data/SONICS/ssep_EvalSet/8O3C6yf0FaI,1,real,0.9937708973884583,0.9937708973884583,0.006229157093912363
/data/SONICS/ssep_EvalSet/8QAa59bMDqQ,1,real,0.9880849719047546,0.9880849719047546,0.011915022507309914
/data/SONICS/ssep_EvalSet/8aclQZse9ZA,1,real,0.9874961376190186,0.9874961376190186,0.01250379253178835
/data/SONICS/ssep_EvalSet/8y6AfQr7HZU,1,real,0.995075523853302,0.995075523853302,0.004924510605633259
/data/SONICS/ssep_EvalSet/95137th6lFw,1,real,0.9983579516410828,0.9983579516410828,0.0016420668689534068
/data/SONICS/ssep_EvalSet/995D_29jJ1M,1,real,0.9988817572593689,0.9988817572593689,0.0011181936133652925
/data/SONICS/ssep_EvalSet/9IW0WStxMmk,1,real,0.9932418465614319,0.9932418465614319,0.00675808684900403
/data/SONICS/ssep_EvalSet/9Obw1eEznec,1,real,0.996271014213562,0.996271014213562,0.0037289573810994625
/data/SONICS/ssep_EvalSet/9VQoSfEDzB0,1,real,0.9867516756057739,0.9867516756057739,0.013248330913484097
/data/SONICS/ssep_EvalSet/9dVq-vq6ors,1,real,0.9934101700782776,0.9934101700782776,0.006589771248400211
/data/SONICS/ssep_EvalSet/9pjj8-KvrRk,1,real,0.9578728675842285,0.9578728675842285,0.04212711378931999
/data/SONICS/ssep_EvalSet/9yzpgTKhyqY,1,real,0.9973887801170349,0.9973887801170349,0.0026112478226423264
/data/SONICS/ssep_EvalSet/A-Pn6JoonZo,1,real,0.9928370118141174,0.9928370118141174,0.007162978406995535
/data/SONICS/ssep_EvalSet/AHapZupKaxI,1,real,0.9945307374000549,0.9945307374000549,0.005469274707138538
/data/SONICS/ssep_EvalSet/AN-6EPkuP_U,1,real,0.995470404624939,0.995470404624939,0.004529616795480251
/data/SONICS/ssep_EvalSet/APk3Qk3fu4U,1,real,0.9975560903549194,0.9975560903549194,0.0024438865948468447
/data/SONICS/ssep_EvalSet/AWACrB7x5uA,1,real,0.9925826787948608,0.9925826787948608,0.007417380344122648
/data/SONICS/ssep_EvalSet/AehqlCYuosE,1,real,0.9940658807754517,0.9940658807754517,0.005934066604822874
/data/SONICS/ssep_EvalSet/B4fhO0raz2s,1,real,0.9933974742889404,0.9933974742889404,0.0066025699488818645
/data/SONICS/ssep_EvalSet/BFi03NwbtVc,1,real,0.9894295334815979,0.9894295334815979,0.010570487938821316
/data/SONICS/ssep_EvalSet/BJN0HvZ3LXo,1,real,0.994213879108429,0.994213879108429,0.005786154884845018
/data/SONICS/ssep_EvalSet/BLg9pxgAS5A,1,real,0.9993550181388855,0.9993550181388855,0.0006449432112276554
/data/SONICS/ssep_EvalSet/BWvZkPqH6Kg,1,real,0.9953272342681885,0.9953272342681885,0.004672730341553688
/data/SONICS/ssep_EvalSet/BiCR8SYLmAY,1,real,0.9969663023948669,0.9969663023948669,0.0030337367206811905
/data/SONICS/ssep_EvalSet/CGNo8nhTRkM,1,real,0.9989245533943176,0.9989245533943176,0.0010754023678600788
/data/SONICS/ssep_EvalSet/CU34ZpzpT8U,1,real,0.994562566280365,0.994562566280365,0.005437496118247509
/data/SONICS/ssep_EvalSet/CafBx4Gwc7c,1,real,0.9937466382980347,0.9937466382980347,0.006253384985029697
/data/SONICS/ssep_EvalSet/CivxQp3o3FU,1,real,0.9991323351860046,0.9991323351860046,0.0008676726138219237
/data/SONICS/ssep_EvalSet/D9sP7Nnh0fw,1,real,0.9886900782585144,0.9886900782585144,0.011309891939163208
/data/SONICS/ssep_EvalSet/DCk8EyEdnQ8,1,real,0.9614614844322205,0.9614614844322205,0.03853849321603775
/data/SONICS/ssep_EvalSet/DGkhwJLdfPM,1,real,0.9895513653755188,0.9895513653755188,0.010448625311255455
/data/SONICS/ssep_EvalSet/DQmVq7IhdPc,1,real,0.9926967024803162,0.9926967024803162,0.007303223479539156
/data/SONICS/ssep_EvalSet/DbBLirAGKyQ,1,real,0.9907140731811523,0.9907140731811523,0.009285965003073215
/data/SONICS/ssep_EvalSet/DqqrnEsEPFo,1,real,0.9940658807754517,0.9940658807754517,0.005934066604822874
/data/SONICS/ssep_EvalSet/DzlxVRD072Y,1,real,0.997285008430481,0.997285008430481,0.0027149852830916643
/data/SONICS/ssep_EvalSet/E2CP8PbRE_8,1,real,0.9936856627464294,0.9936856627464294,0.006314364727586508
/data/SONICS/ssep_EvalSet/EF6FA53aagI,1,real,0.9932418465614319,0.9932418465614319,0.00675808684900403
/data/SONICS/ssep_EvalSet/EF8S5XB-eYs,1,real,0.9957020878791809,0.9957020878791809,0.004297938663512468
/data/SONICS/ssep_EvalSet/EImGvaNb9Ow,1,real,0.995216965675354,0.995216965675354,0.004783010575920343
/data/SONICS/ssep_EvalSet/EjmTMWm4xeQ,1,real,0.9892024397850037,0.9892024397850037,0.01079756673425436
/data/SONICS/ssep_EvalSet/F0GYEj_jhWY,1,real,0.9940312504768372,0.9940312504768372,0.0059687308967113495
/data/SONICS/ssep_EvalSet/F2jgDWCBAfU,1,real,0.991455614566803,0.991455614566803,0.00854433048516512
/data/SONICS/ssep_EvalSet/F3Bw-Cs7wgk,1,real,0.9984899759292603,0.9984899759292603,0.0015099908923730254
/data/SONICS/ssep_EvalSet/F4TYeQT2_4s,1,real,0.9967711567878723,0.9967711567878723,0.0032287640497088432
/data/SONICS/ssep_EvalSet/F5tUQw6ON8Y,1,real,0.9958256483078003,0.9958256483078003,0.004174367059022188
/data/SONICS/ssep_EvalSet/FDARoUs6NEg,1,real,0.9969722032546997,0.9969722032546997,0.0030278353951871395
/data/SONICS/ssep_EvalSet/FIoYopzXHyc,1,real,0.9879462122917175,0.9879462122917175,0.0120537793263793
/data/SONICS/ssep_EvalSet/FJ6EoyW63kM,1,real,0.9879695177078247,0.9879695177078247,0.012030543759465218
/data/SONICS/ssep_EvalSet/Fjjnpeq-2dM,1,real,0.9892648458480835,0.9892648458480835,0.01073516346514225
/data/SONICS/ssep_EvalSet/FnXGvL4fSYs,1,real,0.9892232418060303,0.9892232418060303,0.01077672466635704
/data/SONICS/ssep_EvalSet/FpnKgpjBvUk,1,real,0.9946463704109192,0.9946463704109192,0.005353646818548441
/data/SONICS/ssep_EvalSet/GRue13QOoK0,1,real,0.9952540397644043,0.9952540397644043,0.0047459653578698635
/data/SONICS/ssep_EvalSet/Gc1URQgQWNo,1,real,0.9843664169311523,0.9843664169311523,0.015633562579751015
/data/SONICS/ssep_EvalSet/GgseiZVkZpg,1,real,0.993561863899231,0.993561863899231,0.0064381021074950695
/data/SONICS/ssep_EvalSet/GoSC0H95gps,1,real,0.9975080490112305,0.9975080490112305,0.002491967985406518
/data/SONICS/ssep_EvalSet/H3HaZXYMzzw,1,real,0.997104823589325,0.997104823589325,0.002895213896408677
/data/SONICS/ssep_EvalSet/HAkt3KAuYIE,1,real,0.9989896416664124,0.9989896416664124,0.0010103128151968122
/data/SONICS/ssep_EvalSet/HBC4HySpDoA,1,real,0.9957270622253418,0.9957270622253418,0.004272936377674341
/data/SONICS/ssep_EvalSet/HbmOtHKKOPI,1,real,0.9902915358543396,0.9902915358543396,0.009708477184176445
/data/SONICS/ssep_EvalSet/HmZkX_ynW9o,1,real,0.9959613680839539,0.9959613680839539,0.004038591403514147
/data/SONICS/ssep_EvalSet/HwpCsCVENfY,1,real,0.8935418725013733,0.8935418725013733,0.1064581349492073
/data/SONICS/ssep_EvalSet/I1A05b8pEI4,1,real,0.987616240978241,0.987616240978241,0.012383786030113697
/data/SONICS/ssep_EvalSet/IJlMkFR7QkE,1,real,0.9876639246940613,0.9876639246940613,0.01233610138297081
/data/SONICS/ssep_EvalSet/IRsRt9nvZUk,1,real,0.9972744584083557,0.9972744584083557,0.002725582802668214
/data/SONICS/ssep_EvalSet/IUN7VvEu6GA,1,real,0.9857181310653687,0.9857181310653687,0.01428193412721157
/data/SONICS/ssep_EvalSet/IZ6pMSAMaHs,1,real,0.9986169338226318,0.9986169338226318,0.001383117400109768
/data/SONICS/ssep_EvalSet/JDwG5I6A-68,1,real,0.9961903095245361,0.9961903095245361,0.003809629939496517
/data/SONICS/ssep_EvalSet/JEoG9xp69Qs,1,real,0.9941118359565735,0.9941118359565735,0.005888159386813641
/data/SONICS/ssep_EvalSet/JSJ_mvVOjQs,1,real,0.9987648725509644,0.9987648725509644,0.0012351679615676403
/data/SONICS/ssep_EvalSet/JTyjhNtrfyY,1,real,0.9942474365234375,0.9942474365234375,0.005752545315772295
/data/SONICS/ssep_EvalSet/JcVHA3vE7os,1,real,0.9973374009132385,0.9973374009132385,0.00266261282376945
/data/SONICS/ssep_EvalSet/JcvnvshYA3k,1,real,0.9937100410461426,0.9937100410461426,0.006289901677519083
/data/SONICS/ssep_EvalSet/Jndfd7m_dZg,1,real,0.9809125065803528,0.9809125065803528,0.019087431952357292
/data/SONICS/ssep_EvalSet/JsKNiGmkeig,1,real,0.9904959201812744,0.9904959201812744,0.009504081681370735
/data/SONICS/ssep_EvalSet/JwnRu43CeWY,1,real,0.9934357404708862,0.9934357404708862,0.0065642488189041615
/data/SONICS/ssep_EvalSet/Jz9Mox7L2UM,1,real,0.9836126565933228,0.9836126565933228,0.01638728380203247
/data/SONICS/ssep_EvalSet/K4RqzbDzeaI,1,real,0.8198211789131165,0.8198211789131165,0.18017879128456116
/data/SONICS/ssep_EvalSet/KC7IggptNSQ,1,real,0.9958011507987976,0.9958011507987976,0.004198795184493065
/data/SONICS/ssep_EvalSet/KJfVzOdp5c0,1,real,0.9980770349502563,0.9980770349502563,0.0019229825120419264
/data/SONICS/ssep_EvalSet/KJnm3Vwr_f4,1,real,0.9973836541175842,0.9973836541175842,0.002616339363157749
/data/SONICS/ssep_EvalSet/KMJW3XWcuvE,1,real,0.9930152893066406,0.9930152893066406,0.006984649691730738
/data/SONICS/ssep_EvalSet/KP40o_obSKY,1,real,0.9986489415168762,0.9986489415168762,0.0013511208817362785
/data/SONICS/ssep_EvalSet/KSC_6w0Kp6E,1,real,0.9917002320289612,0.9917002320289612,0.008299686945974827
/data/SONICS/ssep_EvalSet/LAPoyYx5Tp0,1,real,0.9993525147438049,0.9993525147438049,0.0006474657566286623
/data/SONICS/ssep_EvalSet/LJ4ZBlYrL9A,1,real,0.9951984286308289,0.9951984286308289,0.004801641218364239
/data/SONICS/ssep_EvalSet/LNCzZXbLj3k,1,real,0.9967268705368042,0.9967268705368042,0.0032730645034462214
/data/SONICS/ssep_EvalSet/LZaBkLWrkZc,1,real,0.9818056225776672,0.9818056225776672,0.018194368109107018
/data/SONICS/ssep_EvalSet/LcGvGwgKF_s,1,real,0.9976949095726013,0.9976949095726013,0.002305125119164586
/data/SONICS/ssep_EvalSet/LyUInQ7Jobo,1,real,0.9973269701004028,0.9973269701004028,0.0026730059180408716
/data/SONICS/ssep_EvalSet/MBRlvoF0PsA,1,real,0.998498797416687,0.998498797416687,0.0015011822106316686
/data/SONICS/ssep_EvalSet/MBd1f2eWHwo,1,real,0.9973631501197815,0.9973631501197815,0.0026368051767349243
/data/SONICS/ssep_EvalSet/ML0NFgm1sOM,1,real,0.996882438659668,0.996882438659668,0.0031175725162029266
/data/SONICS/ssep_EvalSet/MUImGllgp24,1,real,0.9965503215789795,0.9965503215789795,0.0034496886655688286
/data/SONICS/ssep_EvalSet/MXE_ENHrt3A,1,real,0.9794918298721313,0.9794918298721313,0.020508162677288055
/data/SONICS/ssep_EvalSet/Mm9MT1tc0aA,1,real,0.9941232800483704,0.9941232800483704,0.005876737646758556
/data/SONICS/ssep_EvalSet/MrGg2Jp9P4A,1,real,0.9968457818031311,0.9968457818031311,0.003154205624014139
/data/SONICS/ssep_EvalSet/MwbEzZciDB4,1,real,0.9933330416679382,0.9933330416679382,0.006666931789368391
/data/SONICS/ssep_EvalSet/MyjSVqdutw0,1,real,0.9668827652931213,0.9668827652931213,0.033117230981588364
/data/SONICS/ssep_EvalSet/N3pGvUFZs9I,1,real,0.9866490960121155,0.9866490960121155,0.013350849971175194
/data/SONICS/ssep_EvalSet/NQY1AA6LL_8,1,real,0.9886244535446167,0.9886244535446167,0.011375601403415203
/data/SONICS/ssep_EvalSet/N_oFJuYU8fA,1,real,0.9981067180633545,0.9981067180633545,0.0018932257080450654
/data/SONICS/ssep_EvalSet/NjCpN521g4g,1,real,0.9994319081306458,0.9994319081306458,0.0005680935573764145
/data/SONICS/ssep_EvalSet/NyCgeYAQ6WM,1,real,0.9880620241165161,0.9880620241165161,0.011938040144741535
/data/SONICS/ssep_EvalSet/O0klKwQV0ZM,1,real,0.9965837001800537,0.9965837001800537,0.00341627886518836
/data/SONICS/ssep_EvalSet/OHh3KxPtNYg,1,real,0.9983059167861938,0.9983059167861938,0.0016941032372415066
/data/SONICS/ssep_EvalSet/OKUx1d2Ppz8,1,real,0.9940890073776245,0.9940890073776245,0.005911068990826607
/data/SONICS/ssep_EvalSet/OO6_R2H72V8,1,real,0.9938668608665466,0.9938668608665466,0.0061331759206950665
/data/SONICS/ssep_EvalSet/OqAt1CKCwjw,1,real,0.9823046922683716,0.9823046922683716,0.017695315182209015
/data/SONICS/ssep_EvalSet/OskpFcgFN0Q,1,real,0.9890764951705933,0.9890764951705933,0.010923455469310284
/data/SONICS/ssep_EvalSet/PMtei0rhKbc,1,real,0.9947391152381897,0.9947391152381897,0.005260852165520191
/data/SONICS/ssep_EvalSet/PcYJ3Xzwnlw,1,real,0.9982959628105164,0.9982959628105164,0.0017040417296811938
/data/SONICS/ssep_EvalSet/Peidt5bYKfg,1,real,0.997739315032959,0.997739315032959,0.0022606407292187214
/data/SONICS/ssep_EvalSet/PiYti63Sbvk,1,real,0.997821569442749,0.997821569442749,0.002178466646000743
/data/SONICS/ssep_EvalSet/PmSVKbh7bbA,1,real,0.9841393232345581,0.9841393232345581,0.015860598534345627
/data/SONICS/ssep_EvalSet/PoM713hcOo8,1,real,0.9874961376190186,0.9874961376190186,0.01250379253178835
/data/SONICS/ssep_EvalSet/Pp2ybzNzgjk,1,real,0.997188150882721,0.997188150882721,0.0028118586633354425
/data/SONICS/ssep_EvalSet/Pw2jFYwHmmk,1,real,0.9908213019371033,0.9908213019371033,0.009178773500025272
/data/SONICS/ssep_EvalSet/Q0WAOk78d6U,1,real,0.9923490285873413,0.9923490285873413,0.007651031482964754
/data/SONICS/ssep_EvalSet/Q5ubZfnKAN4,1,real,0.9952999353408813,0.9952999353408813,0.004700060468167067
/data/SONICS/ssep_EvalSet/QJWjKlqxDC4,1,real,0.9907855987548828,0.9907855987548828,0.009214365854859352
/data/SONICS/ssep_EvalSet/QRuEriUOJPc,1,real,0.9960314631462097,0.9960314631462097,0.003968500066548586
/data/SONICS/ssep_EvalSet/QenbfNSSRW8,1,real,0.9899476170539856,0.9899476170539856,0.01005236804485321
/data/SONICS/ssep_EvalSet/QgAn5mALMH4,1,real,0.988558292388916,0.988558292388916,0.011441684328019619
/data/SONICS/ssep_EvalSet/QsLLUacxMc0,1,real,0.9858275651931763,0.9858275651931763,0.014172364957630634
/data/SONICS/ssep_EvalSet/QtYG4X38bdo,1,real,0.9875444173812866,0.9875444173812866,0.01245565339922905
/data/SONICS/ssep_EvalSet/R7DVxHdGMEI,1,real,0.9904959201812744,0.9904959201812744,0.009504081681370735
/data/SONICS/ssep_EvalSet/RQ693mYTN0Q,1,real,0.9994127750396729,0.9994127750396729,0.0005872613983228803
/data/SONICS/ssep_EvalSet/RZCQ9THWZKE,1,real,0.9832789301872253,0.9832789301872253,0.016721144318580627
/data/SONICS/ssep_EvalSet/RZl3Ku2vmhw,1,real,0.9941347241401672,0.9941347241401672,0.005865338258445263
/data/SONICS/ssep_EvalSet/Rk0xl3JOiN0,1,real,0.9992533326148987,0.9992533326148987,0.0007466114475391805
/data/SONICS/ssep_EvalSet/RkacMcljljU,1,real,0.9962855577468872,0.9962855577468872,0.00371447391808033
/data/SONICS/ssep_EvalSet/RlGJFNzSkeM,1,real,0.9986355900764465,0.9986355900764465,0.0013643618440255523
/data/SONICS/ssep_EvalSet/Rmve1SHLoZU,1,real,0.9997703433036804,0.9997703433036804,0.00022960825299378484
/data/SONICS/ssep_EvalSet/S76YWQpIbzU,1,real,0.9876400828361511,0.9876400828361511,0.0123599199578166
/data/SONICS/ssep_EvalSet/SAvQjn3dQ60,1,real,0.9945307374000549,0.9945307374000549,0.005469274707138538
/data/SONICS/ssep_EvalSet/SB06ZatUbk8,1,real,0.9990111589431763,0.9990111589431763,0.0009888596832752228
/data/SONICS/ssep_EvalSet/SBeZilJc09w,1,real,0.9927812218666077,0.9927812218666077,0.007218752056360245
/data/SONICS/ssep_EvalSet/SlHiKmVnxss,1,real,0.9877350926399231,0.9877350926399231,0.012264914810657501
/data/SONICS/ssep_EvalSet/SvJIsFHQpus,1,real,0.9881079792976379,0.9881079792976379,0.011892050504684448
/data/SONICS/ssep_EvalSet/T9IigYGbMn0,1,real,0.9962855577468872,0.9962855577468872,0.00371447391808033
/data/SONICS/ssep_EvalSet/TCm6BiJlGKc,1,real,0.9950562715530396,0.9950562715530396,0.004943688865751028
/data/SONICS/ssep_EvalSet/TFWWeydJTp0,1,real,0.9976171851158142,0.9976171851158142,0.0023827620316296816
/data/SONICS/ssep_EvalSet/TLG9MGGzzig,1,real,0.9951136708259583,0.9951136708259583,0.004886374808847904
/data/SONICS/ssep_EvalSet/TQDQjbiaYUw,1,real,0.9974241256713867,0.9974241256713867,0.002575881080701947
/data/SONICS/ssep_EvalSet/TVOrRPUuuBI,1,real,0.9973887801170349,0.9973887801170349,0.0026112478226423264
/data/SONICS/ssep_EvalSet/TXY7NaOT5-8,1,real,0.994929850101471,0.994929850101471,0.005070175509899855
/data/SONICS/ssep_EvalSet/TYmQDp7b7UQ,1,real,0.998245358467102,0.998245358467102,0.0017546142917126417
/data/SONICS/ssep_EvalSet/TvBUSPGJ3l0,1,real,0.977521538734436,0.977521538734436,0.022478504106402397
/data/SONICS/ssep_EvalSet/TzIKx2_iPsA,1,real,0.9963994026184082,0.9963994026184082,0.0036006029695272446
/data/SONICS/ssep_EvalSet/U2Zmjt27MXM,1,real,0.9956176280975342,0.9956176280975342,0.004382336977869272
/data/SONICS/ssep_EvalSet/URlyX4sZpuQ,1,real,0.9965903759002686,0.9965903759002686,0.003409635741263628
/data/SONICS/ssep_EvalSet/URoSazSn0Eg,1,real,0.9982555508613586,0.9982555508613586,0.0017443812685087323
/data/SONICS/ssep_EvalSet/UptgRHX4JsI,1,real,0.991455614566803,0.991455614566803,0.00854433048516512
/data/SONICS/ssep_EvalSet/UrlRrFX9gW0,1,real,0.9871788024902344,0.9871788024902344,0.012821214273571968
/data/SONICS/ssep_EvalSet/VLcm91hdx78,1,real,0.9951230883598328,0.9951230883598328,0.004876886960119009
/data/SONICS/ssep_EvalSet/VRT3nyKJUA4,1,real,0.9976722598075867,0.9976722598075867,0.0023276936262845993
/data/SONICS/ssep_EvalSet/Vb4m5pYnw1U,1,real,0.9977959394454956,0.9977959394454956,0.002204089192673564
/data/SONICS/ssep_EvalSet/VdOwyAapxKo,1,real,0.9880158305168152,0.9880158305168152,0.0119842030107975
/data/SONICS/ssep_EvalSet/W6cw89wBWiA,1,real,0.9955834746360779,0.9955834746360779,0.0044165560975670815
/data/SONICS/ssep_EvalSet/X8_Zk5a9nEE,1,real,0.9859092831611633,0.9859092831611633,0.014090735465288162
/data/SONICS/ssep_EvalSet/XB2TkbQa5Uo,1,real,0.9768908023834229,0.9768908023834229,0.023109277710318565
/data/SONICS/ssep_EvalSet/XIFzLIV25lk,1,real,0.9976218342781067,0.9976218342781067,0.002378123579546809
/data/SONICS/ssep_EvalSet/XJTTTamCzzU,1,real,0.9980807304382324,0.9980807304382324,0.0019192374311387539
/data/SONICS/ssep_EvalSet/XLhRseePBog,1,real,0.9930152893066406,0.9930152893066406,0.006984649691730738
/data/SONICS/ssep_EvalSet/XOh4BGYmSPc,1,real,0.9920926690101624,0.9920926690101624,0.007907291874289513
/data/SONICS/ssep_EvalSet/Xs9-2pA1vuU,1,real,0.9981433153152466,0.9981433153152466,0.0018566754879429936
/data/SONICS/ssep_EvalSet/Y-008ZVYQf4,1,real,0.9981324076652527,0.9981324076652527,0.0018675659084692597
/data/SONICS/ssep_EvalSet/Y7wMipBqf4c,1,real,0.9923638105392456,0.9923638105392456,0.007636216469109058
/data/SONICS/ssep_EvalSet/Y9syx3UaMtk,1,real,0.9967963099479675,0.9967963099479675,0.003203718224540353
/data/SONICS/ssep_EvalSet/YGvScNJSMPI,1,real,0.9965368509292603,0.9965368509292603,0.0034631439484655857
/data/SONICS/ssep_EvalSet/YMp8jf3Zh_o,1,real,0.9969956874847412,0.9969956874847412,0.0030043430160731077
/data/SONICS/ssep_EvalSet/YtKzZQAL2d4,1,real,0.9896718263626099,0.9896718263626099,0.010328153148293495
/data/SONICS/ssep_EvalSet/Z1jeKqp6j4U,1,real,0.9944773316383362,0.9944773316383362,0.005522650200873613
/data/SONICS/ssep_EvalSet/ZTOJRQMFgEU,1,real,0.9978965520858765,0.9978965520858765,0.0021033689845353365
/data/SONICS/ssep_EvalSet/ZeqLI63SQcY,1,real,0.9917803406715393,0.9917803406715393,0.00821969285607338
/data/SONICS/ssep_EvalSet/ZtKcGjqn4_8,1,real,0.9952724575996399,0.9952724575996399,0.004727549850940704
/data/SONICS/ssep_EvalSet/ZwaeqNV6Mjo,1,real,0.9954261183738708,0.9954261183738708,0.004573863931000233
/data/SONICS/ssep_EvalSet/_5BxXp_3U3c,1,real,0.9979210495948792,0.9979210495948792,0.002078914549201727
/data/SONICS/ssep_EvalSet/_Gs3fg_WsEg,1,real,0.9840782880783081,0.9840782880783081,0.015921683982014656
/data/SONICS/ssep_EvalSet/_ToSKAFV1o0,1,real,0.9968396425247192,0.9968396425247192,0.0031603528186678886
/data/SONICS/ssep_EvalSet/_VmNGXnNtkU,1,real,0.997065007686615,0.997065007686615,0.0029349515680223703
/data/SONICS/ssep_EvalSet/_ZJEsfPDUKg,1,real,0.9981067180633545,0.9981067180633545,0.0018932257080450654
/data/SONICS/ssep_EvalSet/__e8n8z5v_g,1,real,0.9965435862541199,0.9965435862541199,0.003456409787759185
/data/SONICS/ssep_EvalSet/_b2b1hVvlyc,1,real,0.9936979413032532,0.9936979413032532,0.0063021220266819
/data/SONICS/ssep_EvalSet/_cJftsyNf4U,1,real,0.9972903728485107,0.9972903728485107,0.002709702355787158
/data/SONICS/ssep_EvalSet/_zQBeX19uzs,1,real,0.994213879108429,0.994213879108429,0.005786154884845018
/data/SONICS/ssep_EvalSet/aALKWUkqTa4,1,real,0.9894090890884399,0.9894090890884399,0.010590936057269573
/data/SONICS/ssep_EvalSet/aRcjGDySSJE,1,real,0.9951040744781494,0.9951040744781494,0.004895880818367004
/data/SONICS/ssep_EvalSet/aU5uPbXXSfc,1,real,0.9908919930458069,0.9908919930458069,0.009107992984354496
/data/SONICS/ssep_EvalSet/anQD6CSt5F8,1,real,0.7499122619628906,0.7499122619628906,0.250087708234787
/data/SONICS/ssep_EvalSet/b83NHafdRSc,1,real,0.9939143061637878,0.9939143061637878,0.006085737142711878
/data/SONICS/ssep_EvalSet/bBV4iRySzmk,1,real,0.9926256537437439,0.9926256537437439,0.0073743658140301704
/data/SONICS/ssep_EvalSet/bNVwu5LEFRA,1,real,0.9982692003250122,0.9982692003250122,0.0017308302922174335
/data/SONICS/ssep_EvalSet/bWuXhENF9u0,1,real,0.9874235987663269,0.9874235987663269,0.012576348148286343
/data/SONICS/ssep_EvalSet/beh6rcb7vMc,1,real,0.9963143467903137,0.9963143467903137,0.0036856739316135645
/data/SONICS/ssep_EvalSet/cI9w6xiMZaM,1,real,0.9964961409568787,0.9964961409568787,0.003503822721540928
/data/SONICS/ssep_EvalSet/ckD5f6SHGLM,1,real,0.9830850958824158,0.9830850958824158,0.016914913430809975
/data/SONICS/ssep_EvalSet/dMAhC4lL3dE,1,real,0.9768686890602112,0.9768686890602112,0.02313133515417576
/data/SONICS/ssep_EvalSet/dNCXvwkYRCc,1,real,0.9990637898445129,0.9990637898445129,0.0009362828568555415
/data/SONICS/ssep_EvalSet/dcJhXrftfpI,1,real,0.9894295334815979,0.9894295334815979,0.010570487938821316
/data/SONICS/ssep_EvalSet/diffrhythm2_000,1,real,0.754553496837616,0.754553496837616,0.2454465627670288
/data/SONICS/ssep_EvalSet/diffrhythm2_001,0,fake,0.9993773102760315,0.0006226772093214095,0.9993773102760315
/data/SONICS/ssep_EvalSet/diffrhythm2_002,0,fake,0.5061284899711609,0.4938715100288391,0.5061284899711609
/data/SONICS/ssep_EvalSet/diffrhythm2_003,0,fake,0.9948902130126953,0.005109737627208233,0.9948902130126953
/data/SONICS/ssep_EvalSet/diffrhythm2_004,1,real,0.9849563241004944,0.9849563241004944,0.015043660998344421
/data/SONICS/ssep_EvalSet/diffrhythm2_005,0,fake,0.92637038230896,0.07362963259220123,0.92637038230896
/data/SONICS/ssep_EvalSet/diffrhythm2_006,1,real,0.5643985867500305,0.5643985867500305,0.4356013536453247
/data/SONICS/ssep_EvalSet/diffrhythm2_007,1,real,0.7184462547302246,0.7184462547302246,0.2815537452697754
/data/SONICS/ssep_EvalSet/diffrhythm2_008,0,fake,0.5487188100814819,0.4512811601161957,0.5487188100814819
/data/SONICS/ssep_EvalSet/diffrhythm2_009,0,fake,0.9908389449119568,0.0091610262170434,0.9908389449119568
/data/SONICS/ssep_EvalSet/diffrhythm2_010,0,fake,0.9578728675842285,0.04212711378931999,0.9578728675842285
/data/SONICS/ssep_EvalSet/diffrhythm2_011,0,fake,0.9591543078422546,0.04084571823477745,0.9591543078422546
/data/SONICS/ssep_EvalSet/diffrhythm2_012,0,fake,0.9953634738922119,0.004636535421013832,0.9953634738922119
/data/SONICS/ssep_EvalSet/diffrhythm2_013,0,fake,0.9964550733566284,0.0035449787974357605,0.9964550733566284
/data/SONICS/ssep_EvalSet/diffrhythm2_014,0,fake,0.9921080470085144,0.007891984656453133,0.9921080470085144
/data/SONICS/ssep_EvalSet/diffrhythm2_015,0,fake,0.9547740817070007,0.04522590711712837,0.9547740817070007
/data/SONICS/ssep_EvalSet/diffrhythm2_016,0,fake,0.9678385257720947,0.032161448150873184,0.9678385257720947
/data/SONICS/ssep_EvalSet/diffrhythm2_017,0,fake,0.9986169338226318,0.001383117400109768,0.9986169338226318
/data/SONICS/ssep_EvalSet/diffrhythm2_018,0,fake,0.9736195802688599,0.026380425319075584,0.9736195802688599
/data/SONICS/ssep_EvalSet/diffrhythm2_019,0,fake,0.9384068250656128,0.061593152582645416,0.9384068250656128
/data/SONICS/ssep_EvalSet/diffrhythm2_020,0,fake,0.864710807800293,0.13528919219970703,0.864710807800293
/data/SONICS/ssep_EvalSet/diffrhythm2_021,1,real,0.6589115262031555,0.6589115262031555,0.34108850359916687
/data/SONICS/ssep_EvalSet/diffrhythm2_022,0,fake,0.9197146892547607,0.08028533309698105,0.9197146892547607
/data/SONICS/ssep_EvalSet/diffrhythm2_023,1,real,0.8934953808784485,0.8934953808784485,0.10650458931922913
/data/SONICS/ssep_EvalSet/diffrhythm2_024,1,real,0.9759923219680786,0.9759923219680786,0.024007748812437057
/data/SONICS/ssep_EvalSet/diffrhythm2_025,0,fake,0.6569334864616394,0.34306657314300537,0.6569334864616394
/data/SONICS/ssep_EvalSet/diffrhythm2_026,1,real,0.7916600704193115,0.7916600704193115,0.20833994448184967
/data/SONICS/ssep_EvalSet/diffrhythm2_027,0,fake,0.9695268273353577,0.030473187565803528,0.9695268273353577
/data/SONICS/ssep_EvalSet/diffrhythm2_028,0,fake,0.9923192858695984,0.007680746726691723,0.9923192858695984
/data/SONICS/ssep_EvalSet/diffrhythm2_029,0,fake,0.8773717880249023,0.12262824177742004,0.8773717880249023
/data/SONICS/ssep_EvalSet/diffrhythm2_030,1,real,0.883135199546814,0.883135199546814,0.11686475574970245
/data/SONICS/ssep_EvalSet/diffrhythm2_031,0,fake,0.9919847846031189,0.008015268482267857,0.9919847846031189
/data/SONICS/ssep_EvalSet/diffrhythm2_032,0,fake,0.5233898758888245,0.47661009430885315,0.5233898758888245
/data/SONICS/ssep_EvalSet/diffrhythm2_033,0,fake,0.975669801235199,0.02433018945157528,0.975669801235199
/data/SONICS/ssep_EvalSet/diffrhythm2_034,0,fake,0.976669192314148,0.023330768570303917,0.976669192314148
/data/SONICS/ssep_EvalSet/diffrhythm2_035,0,fake,0.9722834825515747,0.027716564014554024,0.9722834825515747
/data/SONICS/ssep_EvalSet/diffrhythm2_036,0,fake,0.9953272342681885,0.004672730341553688,0.9953272342681885
/data/SONICS/ssep_EvalSet/diffrhythm2_037,0,fake,0.9958093166351318,0.004190636798739433,0.9958093166351318
/data/SONICS/ssep_EvalSet/diffrhythm2_038,0,fake,0.9921080470085144,0.007891984656453133,0.9921080470085144
/data/SONICS/ssep_EvalSet/diffrhythm2_039,0,fake,0.970520555973053,0.029479406774044037,0.970520555973053
/data/SONICS/ssep_EvalSet/diffrhythm2_040,0,fake,0.9497160315513611,0.050283972173929214,0.9497160315513611
/data/SONICS/ssep_EvalSet/diffrhythm2_041,0,fake,0.9924227595329285,0.007577240467071533,0.9924227595329285
/data/SONICS/ssep_EvalSet/diffrhythm2_042,0,fake,0.9116528034210205,0.08834723383188248,0.9116528034210205
/data/SONICS/ssep_EvalSet/diffrhythm2_043,0,fake,0.9905691146850586,0.00943081732839346,0.9905691146850586
/data/SONICS/ssep_EvalSet/diffrhythm2_044,0,fake,0.9585376977920532,0.04146227240562439,0.9585376977920532
/data/SONICS/ssep_EvalSet/diffrhythm2_045,0,fake,0.9925537705421448,0.007446194067597389,0.9925537705421448
/data/SONICS/ssep_EvalSet/diffrhythm2_046,0,fake,0.9802241325378418,0.019775839522480965,0.9802241325378418
/data/SONICS/ssep_EvalSet/diffrhythm2_047,0,fake,0.9900057911872864,0.009994227439165115,0.9900057911872864
/data/SONICS/ssep_EvalSet/diffrhythm2_048,0,fake,0.888372004032135,0.11162799596786499,0.888372004032135
/data/SONICS/ssep_EvalSet/diffrhythm2_049,0,fake,0.9741412401199341,0.02585877664387226,0.9741412401199341
/data/SONICS/ssep_EvalSet/diffrhythm2_050,0,fake,0.9919691681861877,0.008030813187360764,0.9919691681861877
/data/SONICS/ssep_EvalSet/diffrhythm2_051,0,fake,0.9605836272239685,0.039416391402482986,0.9605836272239685
/data/SONICS/ssep_EvalSet/diffrhythm2_052,0,fake,0.9974491000175476,0.0025509123224765062,0.9974491000175476
/data/SONICS/ssep_EvalSet/diffrhythm2_053,1,real,0.9736446738243103,0.9736446738243103,0.026355354115366936
/data/SONICS/ssep_EvalSet/diffrhythm2_054,0,fake,0.9833430051803589,0.016657039523124695,0.9833430051803589
/data/SONICS/ssep_EvalSet/diffrhythm2_055,1,real,0.7615385055541992,0.7615385055541992,0.23846150934696198
/data/SONICS/ssep_EvalSet/diffrhythm2_056,0,fake,0.9885361194610596,0.011463796719908714,0.9885361194610596
/data/SONICS/ssep_EvalSet/diffrhythm2_057,0,fake,0.7502784132957458,0.24972160160541534,0.7502784132957458
/data/SONICS/ssep_EvalSet/diffrhythm2_058,0,fake,0.8006919622421265,0.19930800795555115,0.8006919622421265
/data/SONICS/ssep_EvalSet/diffrhythm2_059,0,fake,0.8914335370063782,0.10856641829013824,0.8914335370063782
/data/SONICS/ssep_EvalSet/diffrhythm2_060,0,fake,0.9063219428062439,0.09367799758911133,0.9063219428062439
/data/SONICS/ssep_EvalSet/diffrhythm2_061,0,fake,0.9925103187561035,0.0074896239675581455,0.9925103187561035
/data/SONICS/ssep_EvalSet/diffrhythm2_062,0,fake,0.9963143467903137,0.0036856739316135645,0.9963143467903137
/data/SONICS/ssep_EvalSet/diffrhythm2_063,0,fake,0.9197867512702942,0.08021324872970581,0.9197867512702942
/data/SONICS/ssep_EvalSet/diffrhythm2_064,1,real,0.6146542429924011,0.6146542429924011,0.3853457570075989
/data/SONICS/ssep_EvalSet/diffrhythm2_065,0,fake,0.995718777179718,0.004281254485249519,0.995718777179718
/data/SONICS/ssep_EvalSet/diffrhythm2_066,0,fake,0.9782811403274536,0.021718835458159447,0.9782811403274536
/data/SONICS/ssep_EvalSet/diffrhythm2_067,0,fake,0.9903102517127991,0.00968971662223339,0.9903102517127991
/data/SONICS/ssep_EvalSet/diffrhythm2_068,0,fake,0.9999359846115112,6.402006692951545e-05,0.9999359846115112
/data/SONICS/ssep_EvalSet/diffrhythm2_069,0,fake,0.9802431464195251,0.019756920635700226,0.9802431464195251
/data/SONICS/ssep_EvalSet/diffrhythm2_070,0,fake,0.9988927245140076,0.0011073390487581491,0.9988927245140076
/data/SONICS/ssep_EvalSet/diffrhythm2_071,0,fake,0.9996756315231323,0.0003244018298573792,0.9996756315231323
/data/SONICS/ssep_EvalSet/diffrhythm2_072,0,fake,0.998835027217865,0.0011649561347439885,0.998835027217865
/data/SONICS/ssep_EvalSet/diffrhythm2_073,1,real,0.9357587099075317,0.9357587099075317,0.06424132734537125
/data/SONICS/ssep_EvalSet/diffrhythm2_074,0,fake,0.8470844030380249,0.15291562676429749,0.8470844030380249
/data/SONICS/ssep_EvalSet/diffrhythm2_075,0,fake,0.9359931349754333,0.06400689482688904,0.9359931349754333
/data/SONICS/ssep_EvalSet/diffrhythm2_076,1,real,0.9727790951728821,0.9727790951728821,0.02722090296447277
/data/SONICS/ssep_EvalSet/diffrhythm2_077,1,real,0.9541800618171692,0.9541800618171692,0.045819949358701706
/data/SONICS/ssep_EvalSet/diffrhythm2_078,0,fake,0.9531006813049316,0.046899259090423584,0.9531006813049316
/data/SONICS/ssep_EvalSet/diffrhythm2_079,0,fake,0.9523086547851562,0.047691281884908676,0.9523086547851562
/data/SONICS/ssep_EvalSet/diffrhythm2_080,0,fake,0.9928508996963501,0.007149101700633764,0.9928508996963501
/data/SONICS/ssep_EvalSet/diffrhythm2_081,0,fake,0.9871168732643127,0.012883163057267666,0.9871168732643127
/data/SONICS/ssep_EvalSet/diffrhythm2_082,0,fake,0.9836912155151367,0.01630876585841179,0.9836912155151367
/data/SONICS/ssep_EvalSet/diffrhythm2_083,0,fake,0.9848109483718872,0.015189049765467644,0.9848109483718872
/data/SONICS/ssep_EvalSet/diffrhythm2_084,0,fake,0.9970765113830566,0.0029235430993139744,0.9970765113830566
/data/SONICS/ssep_EvalSet/diffrhythm2_085,1,real,0.9912378191947937,0.9912378191947937,0.00876212865114212
/data/SONICS/ssep_EvalSet/diffrhythm2_086,1,real,0.9809855818748474,0.9809855818748474,0.01901443488895893
/data/SONICS/ssep_EvalSet/diffrhythm2_087,0,fake,0.9426653385162354,0.05733473598957062,0.9426653385162354
/data/SONICS/ssep_EvalSet/diffrhythm2_088,0,fake,0.9737197160720825,0.026280280202627182,0.9737197160720825
/data/SONICS/ssep_EvalSet/diffrhythm2_089,0,fake,0.9619649052619934,0.03803509473800659,0.9619649052619934
/data/SONICS/ssep_EvalSet/diffrhythm2_090,0,fake,0.681090772151947,0.318909227848053,0.681090772151947
/data/SONICS/ssep_EvalSet/diffrhythm2_091,0,fake,0.7203190326690674,0.27968090772628784,0.7203190326690674
/data/SONICS/ssep_EvalSet/diffrhythm2_092,1,real,0.8699357509613037,0.8699357509613037,0.13006427884101868
/data/SONICS/ssep_EvalSet/diffrhythm2_093,0,fake,0.9695268273353577,0.030473187565803528,0.9695268273353577
/data/SONICS/ssep_EvalSet/diffrhythm2_094,0,fake,0.942081868648529,0.057918086647987366,0.942081868648529
/data/SONICS/ssep_EvalSet/diffrhythm2_095,1,real,0.9886244535446167,0.9886244535446167,0.011375601403415203
/data/SONICS/ssep_EvalSet/diffrhythm2_096,0,fake,0.8983213901519775,0.10167861729860306,0.8983213901519775
/data/SONICS/ssep_EvalSet/diffrhythm2_097,0,fake,0.9475754499435425,0.05242456495761871,0.9475754499435425
/data/SONICS/ssep_EvalSet/diffrhythm2_098,0,fake,0.9711564779281616,0.028843538835644722,0.9711564779281616
/data/SONICS/ssep_EvalSet/diffrhythm2_099,0,fake,0.9837381839752197,0.016261830925941467,0.9837381839752197
/data/SONICS/ssep_EvalSet/dobDkl6n2HA,1,real,0.9924227595329285,0.9924227595329285,0.007577240467071533
/data/SONICS/ssep_EvalSet/dty4Jk0eERA,1,real,0.992452085018158,0.992452085018158,0.0075479233637452126
/data/SONICS/ssep_EvalSet/dvfJb10oc0M,1,real,0.9954527616500854,0.9954527616500854,0.00454726442694664
/data/SONICS/ssep_EvalSet/e0XPelclF_Y,1,real,0.9955834746360779,0.9955834746360779,0.0044165560975670815
/data/SONICS/ssep_EvalSet/e58y60Ozhxs,1,real,0.9898695349693298,0.9898695349693298,0.010130411945283413
/data/SONICS/ssep_EvalSet/eJ0N9lRkHP8,1,real,0.9979007244110107,0.9979007244110107,0.002099273493513465
/data/SONICS/ssep_EvalSet/eUKqJ38w2MU,1,real,0.9981470108032227,0.9981470108032227,0.0018530595116317272
/data/SONICS/ssep_EvalSet/eV0G6qCl7sw,1,real,0.9975225329399109,0.9975225329399109,0.002477445174008608
/data/SONICS/ssep_EvalSet/elxreZ-hSSQ,1,real,0.9035497903823853,0.9035497903823853,0.09645017981529236
/data/SONICS/ssep_EvalSet/eou9V-xp1YA,1,real,0.9890130758285522,0.9890130758285522,0.01098694372922182
/data/SONICS/ssep_EvalSet/esPPcVWnGcg,1,real,0.9972903728485107,0.9972903728485107,0.002709702355787158
/data/SONICS/ssep_EvalSet/fLU5QYDvwPg,1,real,0.998945415019989,0.998945415019989,0.001054624211974442
/data/SONICS/ssep_EvalSet/ffkFFBHjUiI,1,real,0.9710743427276611,0.9710743427276611,0.028925718739628792
/data/SONICS/ssep_EvalSet/fhkO7UFYL78,1,real,0.9946255087852478,0.9946255087852478,0.005374487489461899
/data/SONICS/ssep_EvalSet/fmRI--BQeww,1,real,0.997739315032959,0.997739315032959,0.0022606407292187214
/data/SONICS/ssep_EvalSet/g-kpCWei42M,1,real,0.9990763664245605,0.9990763664245605,0.0009235808975063264
/data/SONICS/ssep_EvalSet/g1LzMN3XMEo,1,real,0.9974737763404846,0.9974737763404846,0.0025261850096285343
/data/SONICS/ssep_EvalSet/g2qyr4oh3og,1,real,0.9982624650001526,0.9982624650001526,0.0017375927418470383
/data/SONICS/ssep_EvalSet/g9iGKAvUOMg,1,real,0.9978635907173157,0.9978635907173157,0.0021364211570471525
/data/SONICS/ssep_EvalSet/gB4w-2bEKKc,1,real,0.9958499670028687,0.9958499670028687,0.00415008096024394
/data/SONICS/ssep_EvalSet/gcZN9x4q4kg,1,real,0.9966233968734741,0.9966233968734741,0.003376612439751625
/data/SONICS/ssep_EvalSet/glkZ5iJtWlQ,1,real,0.9982926249504089,0.9982926249504089,0.0017073675990104675
/data/SONICS/ssep_EvalSet/goxMwKKUIxM,1,real,0.9925969839096069,0.9925969839096069,0.007403014227747917
/data/SONICS/ssep_EvalSet/gvy7WPzx6Iw,1,real,0.9905874133110046,0.9905874133110046,0.009412589482963085
/data/SONICS/ssep_EvalSet/h3DiULmdhqU,1,real,0.9992417097091675,0.9992417097091675,0.0007583600236102939
/data/SONICS/ssep_EvalSet/hAD9q67G6aA,1,real,0.9975751042366028,0.9975751042366028,0.0024249141570180655
/data/SONICS/ssep_EvalSet/hAbmimbaFHE,1,real,0.945248007774353,0.945248007774353,0.054752036929130554
/data/SONICS/ssep_EvalSet/hB7JQRdOl4g,1,real,0.9971216320991516,0.9971216320991516,0.002878348110243678
/data/SONICS/ssep_EvalSet/hETkqGwe6Sw,1,real,0.9983158111572266,0.9983158111572266,0.0016842224868014455
/data/SONICS/ssep_EvalSet/hIKyLi1IC2w,1,real,0.996434211730957,0.996434211730957,0.003565736347809434
/data/SONICS/ssep_EvalSet/hQz-SdcjcWY,0,fake,0.6840530037879944,0.3159469962120056,0.6840530037879944
/data/SONICS/ssep_EvalSet/hRap7PvNqNg,0,fake,0.9944126009941101,0.005587386433035135,0.9944126009941101
/data/SONICS/ssep_EvalSet/heartmula_000,0,fake,0.9816303849220276,0.018369639292359352,0.9816303849220276
/data/SONICS/ssep_EvalSet/heartmula_001,0,fake,0.5823426246643066,0.41765743494033813,0.5823426246643066
/data/SONICS/ssep_EvalSet/heartmula_002,0,fake,0.5650287866592407,0.43497127294540405,0.5650287866592407
/data/SONICS/ssep_EvalSet/heartmula_003,1,real,0.8893368244171143,0.8893368244171143,0.11066322773694992
/data/SONICS/ssep_EvalSet/heartmula_004,1,real,0.9041438698768616,0.9041438698768616,0.09585607796907425
/data/SONICS/ssep_EvalSet/heartmula_005,1,real,0.9439706206321716,0.9439706206321716,0.05602938309311867
/data/SONICS/ssep_EvalSet/heartmula_006,1,real,0.5558120012283325,0.5558120012283325,0.44418805837631226
/data/SONICS/ssep_EvalSet/heartmula_007,0,fake,0.91957026720047,0.08042966574430466,0.91957026720047
/data/SONICS/ssep_EvalSet/heartmula_008,1,real,0.9873018264770508,0.9873018264770508,0.012698198668658733
/data/SONICS/ssep_EvalSet/heartmula_009,0,fake,0.608099639415741,0.3919003903865814,0.608099639415741
/data/SONICS/ssep_EvalSet/heartmula_010,1,real,0.9128255248069763,0.9128255248069763,0.08717450499534607
/data/SONICS/ssep_EvalSet/heartmula_011,1,real,0.9064877033233643,0.9064877033233643,0.09351230412721634
/data/SONICS/ssep_EvalSet/heartmula_012,1,real,0.9878996014595032,0.9878996014595032,0.012100385501980782
/data/SONICS/ssep_EvalSet/heartmula_013,1,real,0.9000915288925171,0.9000915288925171,0.09990844875574112
/data/SONICS/ssep_EvalSet/heartmula_014,1,real,0.558477520942688,0.558477520942688,0.4415225088596344
/data/SONICS/ssep_EvalSet/heartmula_015,1,real,0.973993182182312,0.973993182182312,0.026006782427430153
/data/SONICS/ssep_EvalSet/heartmula_016,0,fake,0.9308992624282837,0.06910072267055511,0.9308992624282837
/data/SONICS/ssep_EvalSet/heartmula_017,1,real,0.8108536005020142,0.8108536005020142,0.18914636969566345
/data/SONICS/ssep_EvalSet/heartmula_018,1,real,0.9357587099075317,0.9357587099075317,0.06424132734537125
/data/SONICS/ssep_EvalSet/heartmula_019,1,real,0.6885207891464233,0.6885207891464233,0.31147921085357666
/data/SONICS/ssep_EvalSet/heartmula_020,0,fake,0.5059224963188171,0.4940774738788605,0.5059224963188171
/data/SONICS/ssep_EvalSet/heartmula_021,0,fake,0.9403530955314636,0.05964694544672966,0.9403530955314636
/data/SONICS/ssep_EvalSet/heartmula_022,1,real,0.9515940546989441,0.9515940546989441,0.0484059602022171
/data/SONICS/ssep_EvalSet/heartmula_023,0,fake,0.5821940898895264,0.41780588030815125,0.5821940898895264
/data/SONICS/ssep_EvalSet/heartmula_024,1,real,0.9116528034210205,0.9116528034210205,0.08834723383188248
/data/SONICS/ssep_EvalSet/heartmula_025,0,fake,0.6807724833488464,0.3192274868488312,0.6807724833488464
/data/SONICS/ssep_EvalSet/heartmula_026,1,real,0.9006171822547913,0.9006171822547913,0.09938277304172516
/data/SONICS/ssep_EvalSet/heartmula_027,1,real,0.9244152307510376,0.9244152307510376,0.0755847916007042
/data/SONICS/ssep_EvalSet/heartmula_028,0,fake,0.6916535496711731,0.3083464205265045,0.6916535496711731
/data/SONICS/ssep_EvalSet/heartmula_029,1,real,0.9635405540466309,0.9635405540466309,0.03645944222807884
/data/SONICS/ssep_EvalSet/heartmula_030,0,fake,0.9061560034751892,0.0938439592719078,0.9061560034751892
/data/SONICS/ssep_EvalSet/heartmula_031,0,fake,0.8619454503059387,0.13805456459522247,0.8619454503059387
/data/SONICS/ssep_EvalSet/heartmula_032,1,real,0.9803186058998108,0.9803186058998108,0.019681409001350403
/data/SONICS/ssep_EvalSet/heartmula_033,1,real,0.9320833086967468,0.9320833086967468,0.06791667640209198
/data/SONICS/ssep_EvalSet/heartmula_034,1,real,0.9620006084442139,0.9620006084442139,0.03799937665462494
/data/SONICS/ssep_EvalSet/heartmula_035,1,real,0.8910549879074097,0.8910549879074097,0.10894504189491272
/data/SONICS/ssep_EvalSet/heartmula_036,0,fake,0.9443310499191284,0.05566892772912979,0.9443310499191284
/data/SONICS/ssep_EvalSet/heartmula_037,1,real,0.5973142981529236,0.5973142981529236,0.4026857018470764
/data/SONICS/ssep_EvalSet/heartmula_038,1,real,0.778396725654602,0.778396725654602,0.22160327434539795
/data/SONICS/ssep_EvalSet/heartmula_039,0,fake,0.6348263621330261,0.36517366766929626,0.6348263621330261
/data/SONICS/ssep_EvalSet/heartmula_040,0,fake,0.7270559072494507,0.2729441225528717,0.7270559072494507
/data/SONICS/ssep_EvalSet/heartmula_041,0,fake,0.8756275177001953,0.1243724524974823,0.8756275177001953
/data/SONICS/ssep_EvalSet/heartmula_042,1,real,0.8581846356391907,0.8581846356391907,0.1418154090642929
/data/SONICS/ssep_EvalSet/heartmula_043,0,fake,0.7572562098503113,0.24274376034736633,0.7572562098503113
/data/SONICS/ssep_EvalSet/heartmula_044,1,real,0.9478657245635986,0.9478657245635986,0.052134253084659576
/data/SONICS/ssep_EvalSet/heartmula_045,0,fake,0.9043130874633789,0.09568694233894348,0.9043130874633789
/data/SONICS/ssep_EvalSet/heartmula_046,0,fake,0.9342153072357178,0.06578465551137924,0.9342153072357178
/data/SONICS/ssep_EvalSet/heartmula_047,0,fake,0.9613528251647949,0.03864719718694687,0.9613528251647949
/data/SONICS/ssep_EvalSet/heartmula_048,1,real,0.5503053069114685,0.5503053069114685,0.4496946930885315
/data/SONICS/ssep_EvalSet/heartmula_049,1,real,0.6998701691627502,0.6998701691627502,0.30012983083724976
/data/SONICS/ssep_EvalSet/heartmula_050,0,fake,0.7594038844108582,0.24059613049030304,0.7594038844108582
/data/SONICS/ssep_EvalSet/heartmula_051,1,real,0.6291767358779907,0.6291767358779907,0.37082329392433167
/data/SONICS/ssep_EvalSet/heartmula_052,1,real,0.9719126224517822,0.9719126224517822,0.02808738686144352
/data/SONICS/ssep_EvalSet/heartmula_053,1,real,0.9626730680465698,0.9626730680465698,0.037326883524656296
/data/SONICS/ssep_EvalSet/heartmula_054,1,real,0.7450275421142578,0.7450275421142578,0.2549724578857422
/data/SONICS/ssep_EvalSet/heartmula_055,1,real,0.8489722013473511,0.8489722013473511,0.15102781355381012
/data/SONICS/ssep_EvalSet/heartmula_056,1,real,0.9776071906089783,0.9776071906089783,0.02239282988011837
/data/SONICS/ssep_EvalSet/heartmula_057,1,real,0.9716448187828064,0.9716448187828064,0.028355205431580544
/data/SONICS/ssep_EvalSet/heartmula_058,0,fake,0.6085067987442017,0.39149317145347595,0.6085067987442017
/data/SONICS/ssep_EvalSet/heartmula_059,1,real,0.9731897711753845,0.9731897711753845,0.026810193434357643
/data/SONICS/ssep_EvalSet/heartmula_060,1,real,0.8451133966445923,0.8451133966445923,0.1548866331577301
/data/SONICS/ssep_EvalSet/heartmula_061,1,real,0.5883275270462036,0.5883275270462036,0.4116724729537964
/data/SONICS/ssep_EvalSet/heartmula_062,1,real,0.8186643719673157,0.8186643719673157,0.1813356876373291
/data/SONICS/ssep_EvalSet/heartmula_063,1,real,0.8653379082679749,0.8653379082679749,0.13466207683086395
/data/SONICS/ssep_EvalSet/heartmula_064,1,real,0.9401335716247559,0.9401335716247559,0.059866417199373245
/data/SONICS/ssep_EvalSet/heartmula_065,1,real,0.8846883773803711,0.8846883773803711,0.11531158536672592
/data/SONICS/ssep_EvalSet/heartmula_066,1,real,0.9844563603401184,0.9844563603401184,0.015543648041784763
/data/SONICS/ssep_EvalSet/heartmula_067,0,fake,0.9850572943687439,0.014942705631256104,0.9850572943687439
/data/SONICS/ssep_EvalSet/heartmula_068,1,real,0.963949978351593,0.963949978351593,0.036049991846084595
/data/SONICS/ssep_EvalSet/heartmula_069,1,real,0.6552808284759521,0.6552808284759521,0.3447191119194031
/data/SONICS/ssep_EvalSet/heartmula_070,1,real,0.922062337398529,0.922062337398529,0.07793769240379333
/data/SONICS/ssep_EvalSet/heartmula_071,1,real,0.9791557192802429,0.9791557192802429,0.020844316110014915
/data/SONICS/ssep_EvalSet/heartmula_072,1,real,0.9774138927459717,0.9774138927459717,0.022586042061448097
/data/SONICS/ssep_EvalSet/heartmula_073,1,real,0.9828726649284363,0.9828726649284363,0.017127320170402527
/data/SONICS/ssep_EvalSet/heartmula_074,0,fake,0.9165588617324829,0.08344117552042007,0.9165588617324829
/data/SONICS/ssep_EvalSet/heartmula_075,0,fake,0.9377260208129883,0.062273990362882614,0.9377260208129883
/data/SONICS/ssep_EvalSet/heartmula_076,0,fake,0.9453993439674377,0.05460060387849808,0.9453993439674377
/data/SONICS/ssep_EvalSet/heartmula_077,0,fake,0.669366717338562,0.330633282661438,0.669366717338562
/data/SONICS/ssep_EvalSet/heartmula_078,0,fake,0.976445734500885,0.023554332554340363,0.976445734500885
/data/SONICS/ssep_EvalSet/heartmula_079,0,fake,0.8609547019004822,0.13904529809951782,0.8609547019004822
/data/SONICS/ssep_EvalSet/heartmula_080,0,fake,0.5001697540283203,0.4998302459716797,0.5001697540283203
/data/SONICS/ssep_EvalSet/heartmula_081,0,fake,0.5585678219795227,0.4414322078227997,0.5585678219795227
/data/SONICS/ssep_EvalSet/heartmula_082,1,real,0.8182290196418762,0.8182290196418762,0.18177102506160736
/data/SONICS/ssep_EvalSet/heartmula_083,0,fake,0.7989721894264221,0.20102782547473907,0.7989721894264221
/data/SONICS/ssep_EvalSet/heartmula_084,1,real,0.6956482529640198,0.6956482529640198,0.30435171723365784
/data/SONICS/ssep_EvalSet/heartmula_085,1,real,0.9712656736373901,0.9712656736373901,0.028734320774674416
/data/SONICS/ssep_EvalSet/heartmula_086,1,real,0.9761973023414612,0.9761973023414612,0.02380266599357128
/data/SONICS/ssep_EvalSet/heartmula_087,0,fake,0.7890712022781372,0.2109287977218628,0.7890712022781372
/data/SONICS/ssep_EvalSet/heartmula_088,1,real,0.9695556163787842,0.9695556163787842,0.030444350093603134
/data/SONICS/ssep_EvalSet/heartmula_089,0,fake,0.692173957824707,0.3078260123729706,0.692173957824707
/data/SONICS/ssep_EvalSet/heartmula_090,0,fake,0.7789857983589172,0.22101424634456635,0.7789857983589172
/data/SONICS/ssep_EvalSet/heartmula_091,1,real,0.9401335716247559,0.9401335716247559,0.059866417199373245
/data/SONICS/ssep_EvalSet/heartmula_092,1,real,0.8440237045288086,0.8440237045288086,0.1559762805700302
/data/SONICS/ssep_EvalSet/heartmula_093,1,real,0.954094648361206,0.954094648361206,0.045905422419309616
/data/SONICS/ssep_EvalSet/heartmula_094,1,real,0.8096525073051453,0.8096525073051453,0.19034747779369354
/data/SONICS/ssep_EvalSet/heartmula_095,1,real,0.5328961610794067,0.5328961610794067,0.46710386872291565
/data/SONICS/ssep_EvalSet/heartmula_096,0,fake,0.6066732406616211,0.3933267593383789,0.6066732406616211
/data/SONICS/ssep_EvalSet/heartmula_097,1,real,0.9724408984184265,0.9724408984184265,0.027559099718928337
/data/SONICS/ssep_EvalSet/heartmula_098,0,fake,0.5687451958656311,0.4312548041343689,0.5687451958656311
/data/SONICS/ssep_EvalSet/heartmula_099,1,real,0.582995593547821,0.582995593547821,0.41700437664985657
/data/SONICS/ssep_EvalSet/her7kAsGrd8,1,real,0.9917163252830505,0.9917163252830505,0.008283626288175583
/data/SONICS/ssep_EvalSet/hy16mkI7KOk,1,real,0.984708309173584,0.984708309173584,0.015291642397642136
/data/SONICS/ssep_EvalSet/i2qfQu_-WQU,1,real,0.9967523813247681,0.9967523813247681,0.0032476766500622034
/data/SONICS/ssep_EvalSet/iFv02CwVdpM,1,real,0.9982555508613586,0.9982555508613586,0.0017443812685087323
/data/SONICS/ssep_EvalSet/iNfr0D0HcBY,1,real,0.9839862585067749,0.9839862585067749,0.016013750806450844
/data/SONICS/ssep_EvalSet/iW-DJWK5FGQ,1,real,0.9960159659385681,0.9960159659385681,0.003983970265835524
/data/SONICS/ssep_EvalSet/ihOK3B1Wwpg,1,real,0.998586893081665,0.998586893081665,0.0014131119241937995
/data/SONICS/ssep_EvalSet/ixHw4Pv2HkQ,1,real,0.998945415019989,0.998945415019989,0.001054624211974442
/data/SONICS/ssep_EvalSet/izBMdahxvHM,1,real,0.9881993532180786,0.9881993532180786,0.011800596490502357
/data/SONICS/ssep_EvalSet/j6i-OfUWUuY,1,real,0.9953181147575378,0.9953181147575378,0.004681822843849659
/data/SONICS/ssep_EvalSet/jDzxv1WEs0k,1,real,0.9971827268600464,0.9971827268600464,0.0028173404280096292
/data/SONICS/ssep_EvalSet/jJBvD2lYXno,1,real,0.9982247948646545,0.9982247948646545,0.0017752606654539704
/data/SONICS/ssep_EvalSet/jUG4tONPI98,1,real,0.993890643119812,0.993890643119812,0.006109410431236029
/data/SONICS/ssep_EvalSet/jifSMfNF3QU,1,real,0.9910145401954651,0.9910145401954651,0.008985428139567375
/data/SONICS/ssep_EvalSet/jilKvFn_Lx4,1,real,0.995354413986206,0.995354413986206,0.004645557142794132
/data/SONICS/ssep_EvalSet/jkPF_NTM3oE,1,real,0.995345413684845,0.995345413684845,0.004654597491025925
/data/SONICS/ssep_EvalSet/jl5_QKKJULk,1,real,0.9981756210327148,0.9981756210327148,0.0018243828089907765
/data/SONICS/ssep_EvalSet/jpLGIjtncXs,1,real,0.99871826171875,0.99871826171875,0.0012818054528906941
/data/SONICS/ssep_EvalSet/jqTgWhSsF6w,1,real,0.9950659275054932,0.9950659275054932,0.004934090655297041
/data/SONICS/ssep_EvalSet/k7HJlk7K5zk,1,real,0.9944126009941101,0.9944126009941101,0.005587386433035135
/data/SONICS/ssep_EvalSet/k8QAv2vi0t0,1,real,0.9983158111572266,0.9983158111572266,0.0016842224868014455
/data/SONICS/ssep_EvalSet/knRIFlGEtWA,1,real,0.9959298968315125,0.9959298968315125,0.004070138093084097
/data/SONICS/ssep_EvalSet/lDOT9rIU9sU,1,real,0.9980083107948303,0.9980083107948303,0.001991652650758624
/data/SONICS/ssep_EvalSet/lb6ikLrf4Uk,1,real,0.9786719083786011,0.9786719083786011,0.02132808044552803
/data/SONICS/ssep_EvalSet/lfXMJdkIpio,1,real,0.9627432227134705,0.9627432227134705,0.037256766110658646
/data/SONICS/ssep_EvalSet/lgbi0RbmgVA,1,real,0.9982624650001526,0.9982624650001526,0.0017375927418470383
/data/SONICS/ssep_EvalSet/low6Coqrw9Y,1,real,0.9868026375770569,0.9868026375770569,0.013197362422943115
/data/SONICS/ssep_EvalSet/lrwsktPV_No,1,real,0.9972744584083557,0.9972744584083557,0.002725582802668214
/data/SONICS/ssep_EvalSet/lvm2Ij7cJBw,1,real,0.9892855286598206,0.9892855286598206,0.010714440606534481
/data/SONICS/ssep_EvalSet/m-xqJ_ulkg0,1,real,0.9918437600135803,0.9918437600135803,0.008156249299645424
/data/SONICS/ssep_EvalSet/m2-HKlTuoqg,1,real,0.9984114170074463,0.9984114170074463,0.0015885252505540848
/data/SONICS/ssep_EvalSet/m4ZDDphSO50,1,real,0.9986169338226318,0.9986169338226318,0.001383117400109768
/data/SONICS/ssep_EvalSet/mOXJIGFEn8k,1,real,0.9971717000007629,0.9971717000007629,0.002828336087986827
/data/SONICS/ssep_EvalSet/mvxruqbkB2U,1,real,0.9720190763473511,0.9720190763473511,0.027980946004390717
/data/SONICS/ssep_EvalSet/nOO2SI_OFWM,1,real,0.9923490285873413,0.9923490285873413,0.007651031482964754
/data/SONICS/ssep_EvalSet/nSySP7RsxYA,1,real,0.9914224743843079,0.9914224743843079,0.008577484637498856
/data/SONICS/ssep_EvalSet/nT5ENOS_Hx8,1,real,0.9995618462562561,0.9995618462562561,0.00043818907579407096
/data/SONICS/ssep_EvalSet/o73N9NyrmPE,1,real,0.9922893643379211,0.9922893643379211,0.007710576057434082
/data/SONICS/ssep_EvalSet/oK-ficGX6kg,1,real,0.9860979318618774,0.9860979318618774,0.013902058824896812
/data/SONICS/ssep_EvalSet/ofxBOfChcdY,1,real,0.9883352518081665,0.9883352518081665,0.011664719320833683
/data/SONICS/ssep_EvalSet/opS3JOOKwmE,1,real,0.9989266991615295,0.9989266991615295,0.0010733063099905849
/data/SONICS/ssep_EvalSet/otNL8EcW34g,1,real,0.9983611702919006,0.9983611702919006,0.0016388678923249245
/data/SONICS/ssep_EvalSet/ovC-jYlqLOQ,1,real,0.9964411854743958,0.9964411854743958,0.00355880381539464
/data/SONICS/ssep_EvalSet/owvF3Vb0JhA,1,real,0.985042929649353,0.985042929649353,0.014957087114453316
/data/SONICS/ssep_EvalSet/p0MIFOb5etA,1,real,0.9862841367721558,0.9862841367721558,0.013715874403715134
/data/SONICS/ssep_EvalSet/p8MsJ4c_L2o,1,real,0.9946358799934387,0.9946358799934387,0.0053640566766262054
/data/SONICS/ssep_EvalSet/pI2eJrj53WQ,1,real,0.9908389449119568,0.9908389449119568,0.0091610262170434
/data/SONICS/ssep_EvalSet/pWL49dU-ToY,1,real,0.9827902317047119,0.9827902317047119,0.01720971055328846
/data/SONICS/ssep_EvalSet/pZ64fV6ORGU,1,real,0.9937587976455688,0.9937587976455688,0.006241259630769491
/data/SONICS/ssep_EvalSet/qCyMcvXDXWM,1,real,0.9896917939186096,0.9896917939186096,0.01030820794403553
/data/SONICS/ssep_EvalSet/qDKHDJNKg9w,1,real,0.9990321397781372,0.9990321397781372,0.000967861560638994
/data/SONICS/ssep_EvalSet/qW_WW_r_kQg,1,real,0.9880620241165161,0.9880620241165161,0.011938040144741535
/data/SONICS/ssep_EvalSet/qtW8jolOStU,1,real,0.9942474365234375,0.9942474365234375,0.005752545315772295
/data/SONICS/ssep_EvalSet/r3l9sP3WawA,1,real,0.9980429410934448,0.9980429410934448,0.001957016997039318
/data/SONICS/ssep_EvalSet/r95xxwXKMvY,1,real,0.9972744584083557,0.9972744584083557,0.002725582802668214
/data/SONICS/ssep_EvalSet/rBPQC06L-iY,1,real,0.9837693572044373,0.9837693572044373,0.016230614855885506
/data/SONICS/ssep_EvalSet/ra3eFoM-lns,1,real,0.9992175102233887,0.9992175102233887,0.0007824140484444797
/data/SONICS/ssep_EvalSet/rtdbV6ye9AA,1,real,0.9983865022659302,0.9983865022659302,0.00161350064445287
/data/SONICS/ssep_EvalSet/s4mr5sV_New,1,real,0.9943031072616577,0.9943031072616577,0.0056969597935676575
/data/SONICS/ssep_EvalSet/sH1-Awp097A,1,real,0.9978044629096985,0.9978044629096985,0.00219551520422101
/data/SONICS/ssep_EvalSet/sXKuf_TB2O8,1,real,0.988244891166687,0.988244891166687,0.011755132116377354
/data/SONICS/ssep_EvalSet/seZfDS7SCCc,1,real,0.9901592135429382,0.9901592135429382,0.009840806014835835
/data/SONICS/ssep_EvalSet/songbloom_000,1,real,0.9223425984382629,0.9223425984382629,0.07765743881464005
/data/SONICS/ssep_EvalSet/songbloom_001,0,fake,0.9576358199119568,0.04236419126391411,0.9576358199119568
/data/SONICS/ssep_EvalSet/songbloom_002,0,fake,0.9584988951683044,0.04150110110640526,0.9584988951683044
/data/SONICS/ssep_EvalSet/songbloom_003,0,fake,0.9513686299324036,0.04863136634230614,0.9513686299324036
/data/SONICS/ssep_EvalSet/songbloom_004,0,fake,0.983893632888794,0.016106342896819115,0.983893632888794
/data/SONICS/ssep_EvalSet/songbloom_005,0,fake,0.9477691650390625,0.05223085358738899,0.9477691650390625
/data/SONICS/ssep_EvalSet/songbloom_006,0,fake,0.8540953993797302,0.14590460062026978,0.8540953993797302
/data/SONICS/ssep_EvalSet/songbloom_007,1,real,0.9756001234054565,0.9756001234054565,0.024399833753705025
/data/SONICS/ssep_EvalSet/songbloom_008,0,fake,0.9868786931037903,0.013121270574629307,0.9868786931037903
/data/SONICS/ssep_EvalSet/songbloom_009,0,fake,0.9937466382980347,0.006253384985029697,0.9937466382980347
/data/SONICS/ssep_EvalSet/songbloom_010,1,real,0.5647737383842468,0.5647737383842468,0.43522629141807556
/data/SONICS/ssep_EvalSet/songbloom_011,0,fake,0.9455001950263977,0.054499879479408264,0.9455001950263977
/data/SONICS/ssep_EvalSet/songbloom_012,0,fake,0.9308364987373352,0.06916356831789017,0.9308364987373352
/data/SONICS/ssep_EvalSet/songbloom_013,0,fake,0.9222726225852966,0.07772741466760635,0.9222726225852966
/data/SONICS/ssep_EvalSet/songbloom_014,1,real,0.7991290092468262,0.7991290092468262,0.20087102055549622
/data/SONICS/ssep_EvalSet/songbloom_015,0,fake,0.8994751572608948,0.10052487254142761,0.8994751572608948
/data/SONICS/ssep_EvalSet/songbloom_016,1,real,0.9439706206321716,0.9439706206321716,0.05602938309311867
/data/SONICS/ssep_EvalSet/songbloom_017,0,fake,0.9172285199165344,0.08277145773172379,0.9172285199165344
/data/SONICS/ssep_EvalSet/songbloom_018,0,fake,0.932268500328064,0.06773144751787186,0.932268500328064
/data/SONICS/ssep_EvalSet/songbloom_019,0,fake,0.9329437017440796,0.06705628335475922,0.9329437017440796
/data/SONICS/ssep_EvalSet/songbloom_020,1,real,0.565253734588623,0.565253734588623,0.43474626541137695
/data/SONICS/ssep_EvalSet/songbloom_021,0,fake,0.9115740656852722,0.08842591196298599,0.9115740656852722
/data/SONICS/ssep_EvalSet/songbloom_022,0,fake,0.9554439783096313,0.04455598071217537,0.9554439783096313
/data/SONICS/ssep_EvalSet/songbloom_023,1,real,0.7199746370315552,0.7199746370315552,0.2800253629684448
/data/SONICS/ssep_EvalSet/songbloom_024,0,fake,0.774071455001831,0.22592855989933014,0.774071455001831
/data/SONICS/ssep_EvalSet/songbloom_025,0,fake,0.9985363483428955,0.0014636012492701411,0.9985363483428955
/data/SONICS/ssep_EvalSet/songbloom_026,0,fake,0.90183424949646,0.09816574305295944,0.90183424949646
/data/SONICS/ssep_EvalSet/songbloom_027,0,fake,0.953923225402832,0.046076804399490356,0.953923225402832
/data/SONICS/ssep_EvalSet/songbloom_028,0,fake,0.5271701216697693,0.4728299379348755,0.5271701216697693
/data/SONICS/ssep_EvalSet/songbloom_029,1,real,0.9537512063980103,0.9537512063980103,0.04624880477786064
/data/SONICS/ssep_EvalSet/songbloom_030,0,fake,0.948775053024292,0.05122493579983711,0.948775053024292
/data/SONICS/ssep_EvalSet/songbloom_031,0,fake,0.9639160633087158,0.03608394414186478,0.9639160633087158
/data/SONICS/ssep_EvalSet/songbloom_032,0,fake,0.9438672661781311,0.05613277852535248,0.9438672661781311
/data/SONICS/ssep_EvalSet/songbloom_033,0,fake,0.5269438028335571,0.47305619716644287,0.5269438028335571
/data/SONICS/ssep_EvalSet/songbloom_034,0,fake,0.990532636642456,0.009467381052672863,0.990532636642456
/data/SONICS/ssep_EvalSet/songbloom_035,1,real,0.8223318457603455,0.8223318457603455,0.17766815423965454
/data/SONICS/ssep_EvalSet/songbloom_036,1,real,0.7818307876586914,0.7818307876586914,0.21816924214363098
/data/SONICS/ssep_EvalSet/songbloom_037,0,fake,0.9890764951705933,0.010923455469310284,0.9890764951705933
/data/SONICS/ssep_EvalSet/songbloom_038,0,fake,0.9613890647888184,0.038610927760601044,0.9613890647888184
/data/SONICS/ssep_EvalSet/songbloom_039,1,real,0.9507321119308472,0.9507321119308472,0.049267832189798355
/data/SONICS/ssep_EvalSet/songbloom_040,0,fake,0.9796676635742188,0.020332353189587593,0.9796676635742188
/data/SONICS/ssep_EvalSet/songbloom_041,0,fake,0.6231475472450256,0.3768523931503296,0.6231475472450256
/data/SONICS/ssep_EvalSet/songbloom_042,0,fake,0.5029448866844177,0.4970550537109375,0.5029448866844177
/data/SONICS/ssep_EvalSet/songbloom_043,0,fake,0.8932163119316101,0.10678370296955109,0.8932163119316101
/data/SONICS/ssep_EvalSet/songbloom_044,0,fake,0.974628746509552,0.025371313095092773,0.974628746509552
/data/SONICS/ssep_EvalSet/songbloom_045,0,fake,0.9633341431617737,0.03666584566235542,0.9633341431617737
/data/SONICS/ssep_EvalSet/songbloom_046,0,fake,0.978425920009613,0.02157406695187092,0.978425920009613
/data/SONICS/ssep_EvalSet/songbloom_047,0,fake,0.8967949151992798,0.10320505499839783,0.8967949151992798
/data/SONICS/ssep_EvalSet/songbloom_048,0,fake,0.9749406576156616,0.02505926974117756,0.9749406576156616
/data/SONICS/ssep_EvalSet/songbloom_049,0,fake,0.8431217074394226,0.15687835216522217,0.8431217074394226
/data/SONICS/ssep_EvalSet/songbloom_050,0,fake,0.9411153197288513,0.05888470262289047,0.9411153197288513
/data/SONICS/ssep_EvalSet/songbloom_051,0,fake,0.9043130874633789,0.09568694233894348,0.9043130874633789
/data/SONICS/ssep_EvalSet/songbloom_052,1,real,0.9446382522583008,0.9446382522583008,0.05536169931292534
/data/SONICS/ssep_EvalSet/songbloom_053,0,fake,0.9973887801170349,0.0026112478226423264,0.9973887801170349
/data/SONICS/ssep_EvalSet/songbloom_054,0,fake,0.6948723793029785,0.30512765049934387,0.6948723793029785
/data/SONICS/ssep_EvalSet/songbloom_055,0,fake,0.9840323328971863,0.015967654064297676,0.9840323328971863
/data/SONICS/ssep_EvalSet/songbloom_056,0,fake,0.9902350902557373,0.009764972142875195,0.9902350902557373
/data/SONICS/ssep_EvalSet/songbloom_057,1,real,0.7487658262252808,0.7487658262252808,0.25123411417007446
/data/SONICS/ssep_EvalSet/songbloom_058,0,fake,0.9878058433532715,0.012194132432341576,0.9878058433532715
/data/SONICS/ssep_EvalSet/songbloom_059,0,fake,0.8316905498504639,0.16830943524837494,0.8316905498504639
/data/SONICS/ssep_EvalSet/songbloom_060,1,real,0.8639090657234192,0.8639090657234192,0.13609088957309723
/data/SONICS/ssep_EvalSet/songbloom_061,0,fake,0.9007918834686279,0.09920809417963028,0.9007918834686279
/data/SONICS/ssep_EvalSet/songbloom_062,0,fake,0.65704345703125,0.34295654296875,0.65704345703125
/data/SONICS/ssep_EvalSet/songbloom_063,0,fake,0.7972412705421448,0.20275872945785522,0.7972412705421448
/data/SONICS/ssep_EvalSet/songbloom_064,0,fake,0.9562681317329407,0.04373188316822052,0.9562681317329407
/data/SONICS/ssep_EvalSet/songbloom_065,0,fake,0.9792352318763733,0.02076473832130432,0.9792352318763733
/data/SONICS/ssep_EvalSet/songbloom_066,0,fake,0.7347861528396606,0.26521387696266174,0.7347861528396606
/data/SONICS/ssep_EvalSet/songbloom_067,0,fake,0.9519972801208496,0.048002708703279495,0.9519972801208496
/data/SONICS/ssep_EvalSet/songbloom_068,0,fake,0.9001793265342712,0.09982065856456757,0.9001793265342712
/data/SONICS/ssep_EvalSet/songbloom_069,0,fake,0.9237300753593445,0.0762699693441391,0.9237300753593445
/data/SONICS/ssep_EvalSet/songbloom_070,0,fake,0.950456976890564,0.04954301565885544,0.950456976890564
/data/SONICS/ssep_EvalSet/songbloom_071,1,real,0.9733169674873352,0.9733169674873352,0.02668309211730957
/data/SONICS/ssep_EvalSet/songbloom_072,0,fake,0.9283438920974731,0.07165613025426865,0.9283438920974731
/data/SONICS/ssep_EvalSet/songbloom_073,0,fake,0.6843695044517517,0.3156304955482483,0.6843695044517517
/data/SONICS/ssep_EvalSet/songbloom_074,0,fake,0.9554024338722229,0.044597577303647995,0.9554024338722229
/data/SONICS/ssep_EvalSet/songbloom_075,0,fake,0.9706043004989624,0.029395703226327896,0.9706043004989624
/data/SONICS/ssep_EvalSet/songbloom_076,1,real,0.9669764637947083,0.9669764637947083,0.03302355483174324
/data/SONICS/ssep_EvalSet/songbloom_077,0,fake,0.9859769344329834,0.014023063704371452,0.9859769344329834
/data/SONICS/ssep_EvalSet/songbloom_078,0,fake,0.9321451187133789,0.0678548812866211,0.9321451187133789
/data/SONICS/ssep_EvalSet/songbloom_079,1,real,0.9852429628372192,0.9852429628372192,0.014756983146071434
/data/SONICS/ssep_EvalSet/songbloom_080,0,fake,0.7279754281044006,0.27202457189559937,0.7279754281044006
/data/SONICS/ssep_EvalSet/songbloom_081,0,fake,0.9776925444602966,0.02230747602880001,0.9776925444602966
/data/SONICS/ssep_EvalSet/songbloom_082,1,real,0.5480688214302063,0.5480688214302063,0.4519311487674713
/data/SONICS/ssep_EvalSet/songbloom_083,0,fake,0.9710193276405334,0.02898062951862812,0.9710193276405334
/data/SONICS/ssep_EvalSet/songbloom_084,1,real,0.9547319412231445,0.9547319412231445,0.045268092304468155
/data/SONICS/ssep_EvalSet/songbloom_085,1,real,0.8247444033622742,0.8247444033622742,0.17525558173656464
/data/SONICS/ssep_EvalSet/songbloom_086,0,fake,0.7901257872581482,0.2098742574453354,0.7901257872581482
/data/SONICS/ssep_EvalSet/songbloom_087,0,fake,0.9161846041679382,0.08381536602973938,0.9161846041679382
/data/SONICS/ssep_EvalSet/songbloom_088,1,real,0.5098654627799988,0.5098654627799988,0.490134596824646
/data/SONICS/ssep_EvalSet/songbloom_089,0,fake,0.9711838364601135,0.02881619706749916,0.9711838364601135
/data/SONICS/ssep_EvalSet/songbloom_090,0,fake,0.9833589196205139,0.016641052439808846,0.9833589196205139
/data/SONICS/ssep_EvalSet/songbloom_091,0,fake,0.9647224545478821,0.03527754545211792,0.9647224545478821
/data/SONICS/ssep_EvalSet/songbloom_092,0,fake,0.9089417457580566,0.09105828404426575,0.9089417457580566
/data/SONICS/ssep_EvalSet/songbloom_093,0,fake,0.9711290597915649,0.028870906680822372,0.9711290597915649
/data/SONICS/ssep_EvalSet/songbloom_094,0,fake,0.7851439118385315,0.2148561030626297,0.7851439118385315
/data/SONICS/ssep_EvalSet/songbloom_095,0,fake,0.9403530955314636,0.05964694544672966,0.9403530955314636
/data/SONICS/ssep_EvalSet/songbloom_096,1,real,0.9419218301773071,0.9419218301773071,0.05807814374566078
/data/SONICS/ssep_EvalSet/songbloom_097,0,fake,0.992408037185669,0.007591942325234413,0.992408037185669
/data/SONICS/ssep_EvalSet/songbloom_098,0,fake,0.9207183718681335,0.07928157597780228,0.9207183718681335
/data/SONICS/ssep_EvalSet/songbloom_099,0,fake,0.8188092112541199,0.18119075894355774,0.8188092112541199
/data/SONICS/ssep_EvalSet/songgeneration2_000,1,real,0.933552086353302,0.933552086353302,0.06644792854785919
/data/SONICS/ssep_EvalSet/songgeneration2_001,1,real,0.9929746389389038,0.9929746389389038,0.0070254080928862095
/data/SONICS/ssep_EvalSet/songgeneration2_002,1,real,0.972151517868042,0.972151517868042,0.02784845046699047
/data/SONICS/ssep_EvalSet/songgeneration2_003,1,real,0.9713473320007324,0.9713473320007324,0.028652669861912727
/data/SONICS/ssep_EvalSet/songgeneration2_004,0,fake,0.9366336464881897,0.06336633861064911,0.9366336464881897
/data/SONICS/ssep_EvalSet/songgeneration2_005,1,real,0.601359486579895,0.601359486579895,0.39864054322242737
/data/SONICS/ssep_EvalSet/songgeneration2_006,0,fake,0.8465777039527893,0.1534222811460495,0.8465777039527893
/data/SONICS/ssep_EvalSet/songgeneration2_007,1,real,0.6400735974311829,0.6400735974311829,0.35992640256881714
/data/SONICS/ssep_EvalSet/songgeneration2_008,1,real,0.925027072429657,0.925027072429657,0.0749729722738266
/data/SONICS/ssep_EvalSet/songgeneration2_009,1,real,0.9751782417297363,0.9751782417297363,0.02482178807258606
/data/SONICS/ssep_EvalSet/songgeneration2_010,0,fake,0.8313485383987427,0.16865147650241852,0.8313485383987427
/data/SONICS/ssep_EvalSet/songgeneration2_011,1,real,0.9660279750823975,0.9660279750823975,0.03397199511528015
/data/SONICS/ssep_EvalSet/songgeneration2_012,1,real,0.9813822507858276,0.9813822507858276,0.018617801368236542
/data/SONICS/ssep_EvalSet/songgeneration2_013,1,real,0.9490590691566467,0.9490590691566467,0.05094091221690178
/data/SONICS/ssep_EvalSet/songgeneration2_014,1,real,0.991169810295105,0.991169810295105,0.008830243721604347
/data/SONICS/ssep_EvalSet/songgeneration2_015,1,real,0.9565936326980591,0.9565936326980591,0.04340633004903793
/data/SONICS/ssep_EvalSet/songgeneration2_016,1,real,0.8458787798881531,0.8458787798881531,0.15412120521068573
/data/SONICS/ssep_EvalSet/songgeneration2_017,1,real,0.9610980749130249,0.9610980749130249,0.03890198469161987
/data/SONICS/ssep_EvalSet/songgeneration2_018,1,real,0.9845753908157349,0.9845753908157349,0.01542455144226551
/data/SONICS/ssep_EvalSet/songgeneration2_019,1,real,0.5039810538291931,0.5039810538291931,0.4960189759731293
/data/SONICS/ssep_EvalSet/songgeneration2_020,1,real,0.9342753291130066,0.9342753291130066,0.06572467088699341
/data/SONICS/ssep_EvalSet/songgeneration2_021,0,fake,0.5851900577545166,0.4148099422454834,0.5851900577545166
/data/SONICS/ssep_EvalSet/songgeneration2_022,0,fake,0.5342745780944824,0.4657253623008728,0.5342745780944824
/data/SONICS/ssep_EvalSet/songgeneration2_023,1,real,0.9492946267127991,0.9492946267127991,0.05070536211133003
/data/SONICS/ssep_EvalSet/songgeneration2_024,1,real,0.9900636076927185,0.9900636076927185,0.009936418384313583
/data/SONICS/ssep_EvalSet/songgeneration2_025,0,fake,0.9225521683692932,0.07744785398244858,0.9225521683692932
/data/SONICS/ssep_EvalSet/songgeneration2_026,0,fake,0.9853842854499817,0.014615669846534729,0.9853842854499817
/data/SONICS/ssep_EvalSet/songgeneration2_027,1,real,0.8756275177001953,0.8756275177001953,0.1243724524974823
/data/SONICS/ssep_EvalSet/songgeneration2_028,1,real,0.9235923886299133,0.9235923886299133,0.07640768587589264
/data/SONICS/ssep_EvalSet/songgeneration2_029,0,fake,0.5789839029312134,0.421016126871109,0.5789839029312134
/data/SONICS/ssep_EvalSet/songgeneration2_030,1,real,0.6331834197044373,0.6331834197044373,0.36681652069091797
/data/SONICS/ssep_EvalSet/songgeneration2_031,1,real,0.9654788970947266,0.9654788970947266,0.034521058201789856
/data/SONICS/ssep_EvalSet/songgeneration2_032,1,real,0.9322068691253662,0.9322068691253662,0.06779313832521439
/data/SONICS/ssep_EvalSet/songgeneration2_033,0,fake,0.6939398050308228,0.30606016516685486,0.6939398050308228
/data/SONICS/ssep_EvalSet/songgeneration2_034,1,real,0.522864580154419,0.522864580154419,0.47713539004325867
/data/SONICS/ssep_EvalSet/songgeneration2_035,1,real,0.7559974193572998,0.7559974193572998,0.2440025508403778
/data/SONICS/ssep_EvalSet/songgeneration2_036,0,fake,0.9583432078361511,0.04165676608681679,0.9583432078361511
/data/SONICS/ssep_EvalSet/songgeneration2_037,1,real,0.9626027941703796,0.9626027941703796,0.037397127598524094
/data/SONICS/ssep_EvalSet/songgeneration2_038,0,fake,0.5461330413818359,0.4538669288158417,0.5461330413818359
/data/SONICS/ssep_EvalSet/songgeneration2_039,0,fake,0.9498092532157898,0.05019078403711319,0.9498092532157898
/data/SONICS/ssep_EvalSet/songgeneration2_040,0,fake,0.6822032928466797,0.31779664754867554,0.6822032928466797
/data/SONICS/ssep_EvalSet/songgeneration2_041,1,real,0.8983213901519775,0.8983213901519775,0.10167861729860306
/data/SONICS/ssep_EvalSet/songgeneration2_042,1,real,0.9889705181121826,0.9889705181121826,0.011029469780623913
/data/SONICS/ssep_EvalSet/songgeneration2_043,1,real,0.9331267476081848,0.9331267476081848,0.06687324494123459
/data/SONICS/ssep_EvalSet/songgeneration2_044,0,fake,0.8019358515739441,0.1980641782283783,0.8019358515739441
/data/SONICS/ssep_EvalSet/songgeneration2_045,0,fake,0.968678891658783,0.03132111579179764,0.968678891658783
/data/SONICS/ssep_EvalSet/songgeneration2_046,1,real,0.9842759370803833,0.9842759370803833,0.01572399027645588
/data/SONICS/ssep_EvalSet/songgeneration2_047,1,real,0.9859364032745361,0.9859364032745361,0.014063626527786255
/data/SONICS/ssep_EvalSet/songgeneration2_048,1,real,0.5500786900520325,0.5500786900520325,0.44992128014564514
/data/SONICS/ssep_EvalSet/songgeneration2_049,1,real,0.9747009873390198,0.9747009873390198,0.025298966094851494
/data/SONICS/ssep_EvalSet/songgeneration2_050,0,fake,0.9507321119308472,0.049267832189798355,0.9507321119308472
/data/SONICS/ssep_EvalSet/songgeneration2_051,1,real,0.9861780405044556,0.9861780405044556,0.013821961358189583
/data/SONICS/ssep_EvalSet/songgeneration2_052,1,real,0.9881765246391296,0.9881765246391296,0.01182339433580637
/data/SONICS/ssep_EvalSet/songgeneration2_053,1,real,0.9128255248069763,0.9128255248069763,0.08717450499534607
/data/SONICS/ssep_EvalSet/songgeneration2_054,1,real,0.8826303482055664,0.8826303482055664,0.1173696517944336
/data/SONICS/ssep_EvalSet/songgeneration2_055,1,real,0.9735442399978638,0.9735442399978638,0.026455776765942574
/data/SONICS/ssep_EvalSet/songgeneration2_056,1,real,0.9844264388084412,0.9844264388084412,0.015573563054203987
/data/SONICS/ssep_EvalSet/songgeneration2_057,0,fake,0.6254380941390991,0.3745618760585785,0.6254380941390991
/data/SONICS/ssep_EvalSet/songgeneration2_058,1,real,0.8513358235359192,0.8513358235359192,0.14866411685943604
/data/SONICS/ssep_EvalSet/songgeneration2_059,0,fake,0.9426653385162354,0.05733473598957062,0.9426653385162354
/data/SONICS/ssep_EvalSet/songgeneration2_060,0,fake,0.866245687007904,0.13375429809093475,0.866245687007904
/data/SONICS/ssep_EvalSet/songgeneration2_061,1,real,0.9853842854499817,0.9853842854499817,0.014615669846534729
/data/SONICS/ssep_EvalSet/songgeneration2_062,1,real,0.907967209815979,0.907967209815979,0.09203286468982697
/data/SONICS/ssep_EvalSet/songgeneration2_063,1,real,0.9531880021095276,0.9531880021095276,0.0468120314180851
/data/SONICS/ssep_EvalSet/songgeneration2_064,1,real,0.9822195768356323,0.9822195768356323,0.01778038963675499
/data/SONICS/ssep_EvalSet/songgeneration2_065,0,fake,0.9507321119308472,0.049267832189798355,0.9507321119308472
/data/SONICS/ssep_EvalSet/songgeneration2_066,0,fake,0.5500938296318054,0.4499061703681946,0.5500938296318054
/data/SONICS/ssep_EvalSet/songgeneration2_067,1,real,0.7515569925308228,0.7515569925308228,0.24844299256801605
/data/SONICS/ssep_EvalSet/songgeneration2_068,1,real,0.945600688457489,0.945600688457489,0.05439931899309158
/data/SONICS/ssep_EvalSet/songgeneration2_069,1,real,0.879509449005127,0.879509449005127,0.12049055099487305
/data/SONICS/ssep_EvalSet/songgeneration2_070,1,real,0.9765130281448364,0.9765130281448364,0.023487046360969543
/data/SONICS/ssep_EvalSet/songgeneration2_071,1,real,0.771413266658783,0.771413266658783,0.22858671844005585
/data/SONICS/ssep_EvalSet/songgeneration2_072,1,real,0.9705764651298523,0.9705764651298523,0.029423581436276436
/data/SONICS/ssep_EvalSet/songgeneration2_073,1,real,0.9235923886299133,0.9235923886299133,0.07640768587589264
/data/SONICS/ssep_EvalSet/songgeneration2_074,1,real,0.9139072895050049,0.9139072895050049,0.08609268069267273
/data/SONICS/ssep_EvalSet/songgeneration2_075,1,real,0.9732661247253418,0.9732661247253418,0.02673386223614216
/data/SONICS/ssep_EvalSet/songgeneration2_076,1,real,0.5022335052490234,0.5022335052490234,0.49776649475097656
/data/SONICS/ssep_EvalSet/songgeneration2_077,1,real,0.9651520252227783,0.9651520252227783,0.03484803065657616
/data/SONICS/ssep_EvalSet/songgeneration2_078,1,real,0.9817007184028625,0.9817007184028625,0.01829933375120163
/data/SONICS/ssep_EvalSet/songgeneration2_079,1,real,0.8937275409698486,0.8937275409698486,0.10627248138189316
/data/SONICS/ssep_EvalSet/songgeneration2_080,1,real,0.9802431464195251,0.9802431464195251,0.019756920635700226
/data/SONICS/ssep_EvalSet/songgeneration2_081,1,real,0.9859092831611633,0.9859092831611633,0.014090735465288162
/data/SONICS/ssep_EvalSet/songgeneration2_082,0,fake,0.9471371173858643,0.052862897515296936,0.9471371173858643
/data/SONICS/ssep_EvalSet/songgeneration2_083,0,fake,0.6588566303253174,0.3411433696746826,0.6588566303253174
/data/SONICS/ssep_EvalSet/songgeneration2_084,0,fake,0.6667138338088989,0.33328619599342346,0.6667138338088989
/data/SONICS/ssep_EvalSet/songgeneration2_085,1,real,0.7974779009819031,0.7974779009819031,0.20252203941345215
/data/SONICS/ssep_EvalSet/songgeneration2_086,0,fake,0.7042109966278076,0.2957890033721924,0.7042109966278076
/data/SONICS/ssep_EvalSet/songgeneration2_087,1,real,0.9690031409263611,0.9690031409263611,0.030996832996606827
/data/SONICS/ssep_EvalSet/songgeneration2_088,0,fake,0.7443776726722717,0.2556222677230835,0.7443776726722717
/data/SONICS/ssep_EvalSet/songgeneration2_089,1,real,0.9603239297866821,0.9603239297866821,0.03967602923512459
/data/SONICS/ssep_EvalSet/songgeneration2_090,1,real,0.9412774443626404,0.9412774443626404,0.05872255191206932
/data/SONICS/ssep_EvalSet/songgeneration2_091,1,real,0.9229697585105896,0.9229697585105896,0.0770302340388298
/data/SONICS/ssep_EvalSet/songgeneration2_092,0,fake,0.6086522340774536,0.3913477957248688,0.6086522340774536
/data/SONICS/ssep_EvalSet/songgeneration2_093,0,fake,0.9497627019882202,0.05023736506700516,0.9497627019882202
/data/SONICS/ssep_EvalSet/songgeneration2_094,1,real,0.9709919095039368,0.9709919095039368,0.029008125886321068
/data/SONICS/ssep_EvalSet/songgeneration2_095,1,real,0.9827572107315063,0.9827572107315063,0.017242776229977608
/data/SONICS/ssep_EvalSet/songgeneration2_096,1,real,0.9658029675483704,0.9658029675483704,0.03419705107808113
/data/SONICS/ssep_EvalSet/songgeneration2_097,1,real,0.9747971296310425,0.9747971296310425,0.02520282194018364
/data/SONICS/ssep_EvalSet/songgeneration2_098,1,real,0.9682914614677429,0.9682914614677429,0.031708598136901855
/data/SONICS/ssep_EvalSet/songgeneration2_099,1,real,0.988949179649353,0.988949179649353,0.011050795204937458
/data/SONICS/ssep_EvalSet/t25PGVZmINA,1,real,0.9929881691932678,0.9929881691932678,0.007011795416474342
/data/SONICS/ssep_EvalSet/tEJpRZT6xg4,1,real,0.990678071975708,0.990678071975708,0.00932196993380785
/data/SONICS/ssep_EvalSet/tiajI3_6UE0,1,real,0.9936979413032532,0.9936979413032532,0.0063021220266819
/data/SONICS/ssep_EvalSet/tjPMxHDMfeI,1,real,0.9940658807754517,0.9940658807754517,0.005934066604822874
/data/SONICS/ssep_EvalSet/u5guFhbXvYo,1,real,0.9852713346481323,0.9852713346481323,0.014728613197803497
/data/SONICS/ssep_EvalSet/uLOBVEAnu7c,1,real,0.9970991611480713,0.9970991611480713,0.002900857711210847
/data/SONICS/ssep_EvalSet/uLxH5__Tx7c,1,real,0.9960622191429138,0.9960622191429138,0.003937738481909037
/data/SONICS/ssep_EvalSet/uPcR-zelR68,1,real,0.9952907562255859,0.9952907562255859,0.004709205590188503
/data/SONICS/ssep_EvalSet/uRlxutVyNpw,1,real,0.997880220413208,0.997880220413208,0.002119830809533596
/data/SONICS/ssep_EvalSet/uTwf0ReeU98,1,real,0.9939963817596436,0.9939963817596436,0.006003595422953367
/data/SONICS/ssep_EvalSet/uWL6LCqGABM,1,real,0.9946463704109192,0.9946463704109192,0.005353646818548441
/data/SONICS/ssep_EvalSet/uim0iNCRUpg,1,real,0.9960545301437378,0.9960545301437378,0.003945406526327133
/data/SONICS/ssep_EvalSet/uk-CGlB1G4U,1,real,0.9990072846412659,0.9990072846412659,0.000992726068943739
/data/SONICS/ssep_EvalSet/ukbCqazvryo,1,real,0.9958337545394897,0.9958337545394897,0.004166256170719862
/data/SONICS/ssep_EvalSet/ukick72Qafc,1,real,0.9975321292877197,0.9975321292877197,0.002467810409143567
/data/SONICS/ssep_EvalSet/urrpSnG-47s,1,real,0.9993773102760315,0.9993773102760315,0.0006226772093214095
/data/SONICS/ssep_EvalSet/uxbjhGAaYyw,1,real,0.9958499670028687,0.9958499670028687,0.00415008096024394
/data/SONICS/ssep_EvalSet/v4WDcDvZb4I,1,real,0.9929198622703552,0.9929198622703552,0.0070801181718707085
/data/SONICS/ssep_EvalSet/v6y1b0MpH2Q,1,real,0.9965368509292603,0.9965368509292603,0.0034631439484655857
/data/SONICS/ssep_EvalSet/v9JE94YaKv0,1,real,0.9673178195953369,0.9673178195953369,0.03268224000930786
/data/SONICS/ssep_EvalSet/v_u_yEayRSw,1,real,0.9983385801315308,0.9983385801315308,0.001661390531808138
/data/SONICS/ssep_EvalSet/vk8x8fH3fBQ,1,real,0.9941913485527039,0.9941913485527039,0.005808669608086348
/data/SONICS/ssep_EvalSet/vsBd9xZ4qy4,1,real,0.999152421951294,0.999152421951294,0.000847589981276542
/data/SONICS/ssep_EvalSet/vyjGo44MZOM,1,real,0.9881309270858765,0.9881309270858765,0.011869121342897415
/data/SONICS/ssep_EvalSet/w9OXzX9ZzxM,1,real,0.986415684223175,0.986415684223175,0.01358439214527607
/data/SONICS/ssep_EvalSet/wKSHjjesHKI,1,real,0.9777138829231262,0.9777138829231262,0.02228618785738945
/data/SONICS/ssep_EvalSet/wSCyF6sbyTs,1,real,0.9960468411445618,0.9960468411445618,0.003953089471906424
/data/SONICS/ssep_EvalSet/wgLKtaqkcYs,1,real,0.9882676005363464,0.9882676005363464,0.011732465587556362
/data/SONICS/ssep_EvalSet/x54NLtz2Cgw,1,real,0.9977524876594543,0.9977524876594543,0.0022474632132798433
/data/SONICS/ssep_EvalSet/xmU1pVX97M0,1,real,0.986929178237915,0.986929178237915,0.013070784509181976
/data/SONICS/ssep_EvalSet/xo_LI9sGKxY,1,real,0.9972584247589111,0.9972584247589111,0.002741555916145444
/data/SONICS/ssep_EvalSet/xuudgAE5SSg,1,real,0.9968087077140808,0.9968087077140808,0.003191267838701606
/data/SONICS/ssep_EvalSet/yEv69Ex2i_0,1,real,0.9978426694869995,0.9978426694869995,0.0021573419217020273
/data/SONICS/ssep_EvalSet/yL_cXBsu6Qw,1,real,0.9933459758758545,0.9933459758758545,0.006654009222984314
/data/SONICS/ssep_EvalSet/yOX6qATzVVc,1,real,0.9942250847816467,0.9942250847816467,0.005774930119514465
/data/SONICS/ssep_EvalSet/yX5KYphs_vg,1,real,0.9957848191261292,0.9957848191261292,0.004215159919112921
/data/SONICS/ssep_EvalSet/yyKMWmm3nPs,1,real,0.9971160888671875,0.9971160888671875,0.0028839593287557364
/data/SONICS/ssep_EvalSet/zH8NxTlzw7w,1,real,0.836821436882019,0.836821436882019,0.16317857801914215
/data/SONICS/ssep_EvalSet/zMPA9_2Pfr8,1,real,0.9928923845291138,0.9928923845291138,0.007107631769031286
/data/SONICS/ssep_EvalSet/zQ9rgz2XyE0,1,real,0.9966625571250916,0.9966625571250916,0.003337404690682888
/data/SONICS/ssep_EvalSet/zR-G0IVF0Ro,1,real,0.9975892305374146,0.9975892305374146,0.0024107815697789192
/data/SONICS/ssep_EvalSet/zbc9XRchwMo,1,real,0.9892855286598206,0.9892855286598206,0.010714440606534481
/data/SONICS/ssep_EvalSet/zhX6pwdZej8,1,real,0.9980581402778625,0.9980581402778625,0.001941816764883697
/data/SONICS/ssep_EvalSet/zhuTb6lK_iA,1,real,0.9921689629554749,0.9921689629554749,0.007831050083041191
/data/SONICS/ssep_EvalSet/zm5ShoO4Y1k,1,real,0.9915215969085693,0.9915215969085693,0.00847840216010809
